Na2O,B2O3,SiO2,K_W_Tc,gamma_Tc,H_prime_Tc
0.0,0.0,1.0,0.16385855045784709,0.4716806188348184,0.25624863624072236
0.0,0.025,0.975,0.15608711025794636,0.4817730621141141,0.21576548651304425
0.0,0.05,0.95,0.1568859948119591,0.4854394032775396,0.2002664278563353
0.0,0.075,0.925,0.13715818863130097,0.4714705662308499,0.20498156428790204
0.0,0.1,0.9,0.1409381110764407,0.4725749361032232,0.1976393824023949
0.0,0.125,0.875,0.13632199726662644,0.467783721708305,0.18431724015847564
0.0,0.15,0.85,0.14073103945467916,0.4706350497921249,0.17854580456281036
0.0,0.175,0.825,0.13582247828367844,0.46657842855975074,0.1848995835744003
0.0,0.2,0.8,0.13604873749270344,0.4644366952738339,0.18805564405279618
0.0,0.225,0.775,0.1332154215595992,0.4681512167426177,0.18143811921412706
0.0,0.25,0.75,0.1329446610443279,0.47264602629570135,0.18566357080587845
0.0,0.275,0.725,0.13357489868126565,0.47509266634724345,0.19091492441008198
0.0,0.3,0.7,0.13681335252096935,0.4804477711809426,0.19233434930723828
0.0,0.325,0.675,0.1321395503762158,0.48085779498279485,0.1935755523391013
0.0,0.35,0.65,0.12822271459279758,0.48018287239248536,0.19109886189052677
0.0,0.375,0.625,0.12689711826946068,0.47823001665971987,0.18309243502117975
0.0,0.4,0.6,0.1248919616117072,0.48125543662136394,0.1884153568319349
0.0,0.425,0.575,0.12983007840849656,0.48376436433935976,0.19245920740828976
0.0,0.45,0.55,0.13718398180959926,0.48918727785612653,0.20009236413373954
0.0,0.475,0.525,0.13958821844974342,0.48968283320194994,0.2092115562588501
0.0,0.5,0.5,0.14408402806642495,0.4909234733652259,0.21598560199909525
0.0,0.525,0.475,0.13722360975606349,0.4936911114691305,0.2156225795007488
0.0,0.55,0.45,0.1404790756310563,0.4936132495246093,0.2136387940427904
0.0,0.575,0.425,0.1420457248453619,0.4906411594562131,0.21485385277050184
0.0,0.6,0.4,0.13922385939776324,0.4909604495499043,0.21497311559146062
0.0,0.625,0.375,0.13843357909956708,0.4896943471604019,0.21989932727002107
0.0,0.65,0.35,0.13299085685566958,0.48775114103684336,0.2206823415667712
0.0,0.675,0.325,0.12966244494627366,0.48680979776816957,0.2082539422389328
0.0,0.7,0.3,0.13106132131616405,0.4803293099676984,0.20042446362969127
0.0,0.725,0.275,0.12929539779942267,0.4760443424737329,0.2062322327456561
0.0,0.75,0.25,0.1320993569656724,0.47264843118921823,0.21218586514406582
0.0,0.775,0.225,0.13523265246084434,0.4720177941418004,0.21434159100725417
0.0,0.8,0.2,0.13941703025462565,0.4738115723059675,0.21792913216481977
0.0,0.825,0.175,0.14191527127781614,0.4740813578869517,0.2136410609304853
0.0,0.85,0.15,0.13781790787806605,0.4778355456879364,0.2124507022698986
0.0,0.875,0.125,0.1367352121678802,0.4763397822052488,0.20987448758530491
0.0,0.9,0.1,0.13661265910540404,0.47593718646343786,0.21388357647365885
0.0,0.925,0.075,0.15091655990433586,0.4779024458255264,0.22863876860055776
0.0,0.95,0.05,0.16729399323540523,0.4853564976145471,0.23551413471625593
0.0,0.975,0.025,0.17159500761535448,0.4926386838939962,0.24813334070260828
0.0,1.0,0.0,0.1768527715465799,0.49937500292708575,0.10522424780329163
0.025,0.0,0.975,0.16059003210351613,0.4419686747788248,0.2414666178221992
0.025,0.025,0.95,0.171588930150523,0.4928056257127303,0.26297277727736373
0.025,0.05,0.925,0.17092290447871586,0.4917068550881637,0.23590092852875344
0.025,0.075,0.9,0.14760648615249508,0.47236676726380333,0.2220328233503647
0.025,0.1,0.875,0.14858195472849503,0.473287465046557,0.22977599536706855
0.025,0.125,0.85,0.15075646291777411,0.47226886702477894,0.23526994405597676
0.025,0.15,0.825,0.15319988474709878,0.47324045038493645,0.2307149329291535
0.025,0.175,0.8,0.15199721270549843,0.47391831807159357,0.23935047106367535
0.025,0.2,0.775,0.1556269139862033,0.47313998918628,0.24268886495262346
0.025,0.225,0.75,0.15478491336392977,0.4740623401305395,0.24774113700947822
0.025,0.25,0.725,0.15353740082410663,0.4786826750215465,0.2422322790346584
0.025,0.275,0.7,0.15364639664114274,0.482170611746687,0.24861952172946172
0.025,0.3,0.675,0.15625721636947126,0.4846231242849948,0.24517898903727936
0.025,0.325,0.65,0.15373299518786085,0.48409091655118464,0.24693864525368395
0.025,0.35,0.625,0.156609107882277,0.48399687290686055,0.24726356491419682
0.025,0.375,0.6,0.1566914941537752,0.4839514540753319,0.24758002118662073
0.025,0.4,0.575,0.15128468511905205,0.48346241356749686,0.25104864838208407
0.025,0.425,0.55,0.15105570574408392,0.48403670708045105,0.25389662244836975
0.025,0.45,0.525,0.15095910398457255,0.48517140662825353,0.2556379292432744
0.025,0.475,0.5,0.1502637270732934,0.4850271802523672,0.25239267992126235
0.025,0.5,0.475,0.14970553043390203,0.4859904829409104,0.25086942970153314
0.025,0.525,0.45,0.14580264339348017,0.4845615456443001,0.2489653072545296
0.025,0.55,0.425,0.14757301343498283,0.48516393503287697,0.24800222064686184
0.025,0.575,0.4,0.14841226730749738,0.48519883687947085,0.25252139822021863
0.025,0.6,0.375,0.14624520539710278,0.48649082687768536,0.25016315935132866
0.025,0.625,0.35,0.14529222582106596,0.48412391401554766,0.2486274366279221
0.025,0.65,0.325,0.14523793212174407,0.4807474502336396,0.2400274913384713
0.025,0.675,0.3,0.14465593273841593,0.4810670310646747,0.24891031096727453
0.025,0.7,0.275,0.14488679289345838,0.48343797895584983,0.24874004719517445
0.025,0.725,0.25,0.1464698565191326,0.48271084891025345,0.24812258010813448
0.025,0.75,0.225,0.14708934230653362,0.48292000065082186,0.24591454535224946
0.025,0.775,0.2,0.1473660886549268,0.48294055621472587,0.2410778197374839
0.025,0.8,0.175,0.14543845280138668,0.48279373029730044,0.24226216535632827
0.025,0.825,0.15,0.14745726699229636,0.4825362890995132,0.24052753806314198
0.025,0.85,0.125,0.1464984586698024,0.4819436006493883,0.2470741915035745
0.025,0.875,0.1,0.1456690602992263,0.4789168715856898,0.23640727933751482
0.025,0.9,0.075,0.15135612846643517,0.5048148500694559,0.2337456895188159
0.025,0.925,0.05,0.1716843987795205,0.5164139834579471,0.2337647476339804
0.025,0.95,0.025,0.1743577754224106,0.515943427428365,0.2405970020592539
0.025,0.975,0.0,0.15347199699515557,0.5010430316084336,0.28674802761896695
0.05,0.0,0.95,0.1498378880005595,0.4391909483624773,0.2632640986968399
0.05,0.025,0.925,0.17220140774978682,0.5024582317978455,0.2608583394111813
0.05,0.05,0.9,0.17164760167420123,0.49407854428538805,0.21061861901619242
0.05,0.075,0.875,0.1477194318511651,0.469789821374335,0.19893524263626258
0.05,0.1,0.85,0.15257650323998595,0.47150805518522687,0.2130901428556388
0.05,0.125,0.825,0.15028236715960527,0.46986070769528665,0.2203814317915343
0.05,0.15,0.8,0.15254862326298516,0.47183016617963147,0.21198764413987167
0.05,0.175,0.775,0.15382674529870577,0.4723052942500496,0.23293081012503797
0.05,0.2,0.75,0.14928929604938637,0.47288217475659244,0.24380500535496644
0.05,0.225,0.725,0.1474622959465387,0.47323075499016326,0.24563610207919417
0.05,0.25,0.7,0.1496117496736085,0.47685967123739315,0.24610511829831805
0.05,0.275,0.675,0.1492031404837978,0.4791804989616217,0.2569036941953922
0.05,0.3,0.65,0.15134238732853278,0.4835390878207837,0.2670898214567235
0.05,0.325,0.625,0.1483836657951516,0.48274065825390644,0.2598139331316019
0.05,0.35,0.6,0.1498313413593795,0.48270094938057573,0.2598726317146475
0.05,0.375,0.575,0.15252471975958448,0.48142110682898137,0.25568086987191824
0.05,0.4,0.55,0.15360321064582508,0.4811787085340755,0.24559834819383908
0.05,0.425,0.525,0.15188778700076802,0.4797699291550356,0.24723121932748512
0.05,0.45,0.5,0.15057652814420613,0.48135687521258524,0.24921406370863536
0.05,0.475,0.475,0.14902808740968168,0.4822016687430024,0.24419869815004333
0.05,0.5,0.45,0.150262351082692,0.48252142707568685,0.24073909222540502
0.05,0.525,0.425,0.14664451371774015,0.4826855710208177,0.22930831877221725
0.05,0.55,0.4,0.14755295988926392,0.4824988741866689,0.2258528478961782
0.05,0.575,0.375,0.15029653873376603,0.48217266825912397,0.23245589612828177
0.05,0.6,0.35,0.14658083546446588,0.48296080961131904,0.2336311140286011
0.05,0.625,0.325,0.14548368076683776,0.48053632161864196,0.23147449001379614
0.05,0.65,0.3,0.1461017074529961,0.47806317562412515,0.233127384874103
0.05,0.675,0.275,0.1455189660780695,0.4796195252314835,0.24000242778036035
0.05,0.7,0.25,0.1452589903440398,0.48247838003296745,0.2468775519248878
0.05,0.725,0.225,0.14759192974031551,0.4822336653599962,0.24795334849932574
0.05,0.75,0.2,0.14902377157178648,0.4821280965616407,0.24772701113725618
0.05,0.775,0.175,0.15614407013049234,0.5027884263879069,0.24277168110726874
0.05,0.8,0.15,0.1539611107944873,0.5026788295152022,0.2405618438827984
0.05,0.825,0.125,0.15588501547910358,0.5050180234462497,0.24810671622649877
0.05,0.85,0.1,0.15508249914830283,0.5084695471779959,0.23577062830215728
0.05,0.875,0.075,0.15372793067061494,0.5137191890302097,0.23427206427673453
0.05,0.9,0.05,0.17497248780080155,0.5253835507915755,0.23885541472474334
0.05,0.925,0.025,0.1740032228889531,0.524513525032697,0.24961549258738563
0.05,0.95,0.0,0.1552470153740374,0.5017698635864564,0.27756843248820695
0.075,0.0,0.925,0.1524458484951809,0.4550900981756397,0.3017956473430034
0.075,0.025,0.9,0.17112448614830533,0.4973903990667832,0.21651785225588374
0.075,0.05,0.875,0.16619647744032273,0.4878899950238777,0.1550577570271286
0.075,0.075,0.85,0.15092949351333648,0.47495325426069407,0.1493653467619617
0.075,0.1,0.825,0.15349312116872624,0.46967163581406096,0.162175392316622
0.075,0.125,0.8,0.15242781694087607,0.47038629478409627,0.17207486425354268
0.075,0.15,0.775,0.15458135335076206,0.469765302718146,0.17537079761740834
0.075,0.175,0.75,0.15349803094092823,0.4709860232686354,0.19744012706449504
0.075,0.2,0.725,0.15208183862211289,0.4701743400753003,0.20576508524744455
0.075,0.225,0.7,0.1518108643791895,0.4705559843875557,0.213210142445171
0.075,0.25,0.675,0.15464036429485442,0.47478435512708783,0.2391230954961011
0.075,0.275,0.65,0.15539479847574572,0.47662409600581307,0.2509697961503429
0.075,0.3,0.625,0.15712180369738693,0.4800011975770759,0.2532404071537337
0.075,0.325,0.6,0.15543829725029198,0.4793348271919692,0.2567273090588479
0.075,0.35,0.575,0.15251938838427725,0.4813929794633278,0.24955648073133851
0.075,0.375,0.55,0.1538922140335285,0.4808992895834994,0.2484538197529866
0.075,0.4,0.525,0.15726080878389925,0.4801506256492159,0.2433878727791704
0.075,0.425,0.5,0.15732194958049817,0.4799067682648496,0.2345606467003061
0.075,0.45,0.475,0.1572089026160582,0.4812988471827939,0.23403508048309923
0.075,0.475,0.45,0.15478105484653137,0.4814403969995182,0.2286218170512168
0.075,0.5,0.425,0.15428973949633515,0.48184330990471097,0.22627324543822497
0.075,0.525,0.4,0.1509260616586559,0.48219378197503215,0.22437107670581738
0.075,0.55,0.375,0.15270011552817084,0.48189268421123255,0.22313474295329683
0.075,0.575,0.35,0.15342633931667246,0.48211631933601046,0.23964406173469915
0.075,0.6,0.325,0.1503575624161609,0.4820488954063606,0.250686455567793
0.075,0.625,0.3,0.14784830091925785,0.480319681334447,0.24633988908123355
0.075,0.65,0.275,0.15169739188817286,0.5023225402607085,0.2489971380945777
0.075,0.675,0.25,0.15195597543123257,0.5018163073965742,0.253587782778624
0.075,0.7,0.225,0.1540158876462185,0.5062458382830551,0.2531519963969786
0.075,0.725,0.2,0.15913910483541951,0.5104292012416471,0.24853878840500723
0.075,0.75,0.175,0.16148402403274836,0.5110467967610267,0.2498006357354734
0.075,0.775,0.15,0.1687048457820963,0.5148532580690113,0.24852430694503108
0.075,0.8,0.125,0.16636370611928675,0.5143252313200657,0.2510830425268762
0.075,0.825,0.1,0.1647687168075994,0.5129695757165097,0.25041183640545295
0.075,0.85,0.075,0.16278307884136317,0.5179638640505124,0.24633702988391257
0.075,0.875,0.05,0.18029624352246837,0.5274416402142958,0.24129693300749888
0.075,0.9,0.025,0.17572671230753278,0.52699079307786,0.24932708839849582
0.075,0.925,0.0,0.15612140677861183,0.5020314929950362,0.26651684618254184
0.1,0.0,0.9,0.1543027041339012,0.45706010204742326,0.30902667109361026
0.1,0.025,0.875,0.16424970015957566,0.49221657505180666,0.20837375288454563
0.1,0.05,0.85,0.15862336178975422,0.4840592071070467,0.16020830660970592
0.1,0.075,0.825,0.15274223220601127,0.4712513885694421,0.15692965702809542
0.1,0.1,0.8,0.15505193035416223,0.4712343589449031,0.16558029397444582
0.1,0.125,0.775,0.15543448619178188,0.46866744997069915,0.17259736978432869
0.1,0.15,0.75,0.15462740641088163,0.4701962774259232,0.1794203854095769
0.1,0.175,0.725,0.15525376563443521,0.46835647749854653,0.19742155565019767
0.1,0.2,0.7,0.1528011660667055,0.4674932367326163,0.1965271645067562
0.1,0.225,0.675,0.14918047952017463,0.46815961066345224,0.19748253058116202
0.1,0.25,0.65,0.14967647872551906,0.47088033669366847,0.20123512697199822
0.1,0.275,0.625,0.15010027625235445,0.4740555007305143,0.20340083901470432
0.1,0.3,0.6,0.1529296550110244,0.4773617757120473,0.2025713306303372
0.1,0.325,0.575,0.15442937640737373,0.47661487968799826,0.20367218314708324
0.1,0.35,0.55,0.15300732834896538,0.4769028542696179,0.20641483290506035
0.1,0.375,0.525,0.15261329853456435,0.4788116290580212,0.20722048470629162
0.1,0.4,0.5,0.1577779963325166,0.47979258327691177,0.2123173200720031
0.1,0.425,0.475,0.15851554931604936,0.4792524848868132,0.21716651446412796
0.1,0.45,0.45,0.15813429997183218,0.48085710813936333,0.22130545594260578
0.1,0.475,0.425,0.15717650066362682,0.48280023970228486,0.22657044133587967
0.1,0.5,0.4,0.1557523134500006,0.4853147414770047,0.21799922598855384
0.1,0.525,0.375,0.15850343568639158,0.5064423103795869,0.20766302133352216
0.1,0.55,0.35,0.15904745512728982,0.5047549294931141,0.20822864973197855
0.1,0.575,0.325,0.1600598481316756,0.508382004297793,0.20948519358138817
0.1,0.6,0.3,0.15860304667570724,0.5087793870549662,0.21581254902042823
0.1,0.625,0.275,0.15958013112740796,0.5104592126227601,0.21657411350801437
0.1,0.65,0.25,0.16076710588156928,0.5115661547454685,0.22054796730219567
0.1,0.675,0.225,0.16192638854482055,0.5092550692430516,0.22403475581023521
0.1,0.7,0.2,0.1623891955128144,0.510865656793775,0.22595436923208392
0.1,0.725,0.175,0.1635154758153559,0.5106217037567605,0.22856640560534214
0.1,0.75,0.15,0.16454304195658573,0.5107145302915218,0.22942514610077083
0.1,0.775,0.125,0.1639447266420864,0.5128577505924649,0.22859708444332896
0.1,0.8,0.1,0.16461919435051223,0.5108027352655635,0.22946318655290693
0.1,0.825,0.075,0.16356594691314708,0.5142146366116724,0.23283260723642282
0.1,0.85,0.05,0.1764878222257485,0.5245557661925352,0.23781508118063777
0.1,0.875,0.025,0.17630642280521358,0.5271801189411086,0.25343673079769463
0.1,0.9,0.0,0.16097080582033935,0.504144938447191,0.26470120387090224
0.125,0.0,0.875,0.1474667681883158,0.46530038441092353,0.34172048758870566
0.125,0.025,0.85,0.15855564075136314,0.49323265386725823,0.19793725412086324
0.125,0.05,0.825,0.1581059665252868,0.4841425601950435,0.1895178560459229
0.125,0.075,0.8,0.14239549667585372,0.4745917157139332,0.2001791324146185
0.125,0.1,0.775,0.14715672905957203,0.4720154983115055,0.1997057721158943
0.125,0.125,0.75,0.14294616916280478,0.4701601656338309,0.1951204415573443
0.125,0.15,0.725,0.14440962017978398,0.46671008350542076,0.20518855719857304
0.125,0.175,0.7,0.14493356605477525,0.46737109617093864,0.19896403562256992
0.125,0.2,0.675,0.1443276068080058,0.46802012249745906,0.20915235304729834
0.125,0.225,0.65,0.14736439818806554,0.46950640525498044,0.21171261462315571
0.125,0.25,0.625,0.14650738796274948,0.4714318269643695,0.21653297695694268
0.125,0.275,0.6,0.1485629303612699,0.47449807336061034,0.21306705613474683
0.125,0.3,0.575,0.15297496993799364,0.476931569118102,0.2148959243831714
0.125,0.325,0.55,0.151043686218625,0.47750620515152886,0.23349636940214316
0.125,0.35,0.525,0.15159188602291912,0.4790755914474978,0.2317854853099617
0.125,0.375,0.5,0.14895883367707435,0.4795840190995282,0.23188201727250124
0.125,0.4,0.475,0.16126165117837563,0.5053001559653013,0.2321430649450397
0.125,0.425,0.45,0.1606067519287274,0.5047201708543687,0.23025853774669497
0.125,0.45,0.425,0.16335346453940203,0.5086257125650573,0.22702584431058767
0.125,0.475,0.4,0.16169842424563335,0.5110083966124865,0.22531654479602142
0.125,0.5,0.375,0.16663951633237098,0.5113007137738971,0.2167677807812024
0.125,0.525,0.35,0.16434164457380476,0.5143331561456844,0.21819411436853833
0.125,0.55,0.325,0.1656092583313705,0.5119944701913195,0.22759279303118934
0.125,0.575,0.3,0.16317600156645934,0.5118290227372421,0.22755745160384624
0.125,0.6,0.275,0.16034628617117885,0.5115987343326569,0.22926141645160242
0.125,0.625,0.25,0.16013152525748456,0.508459922699662,0.23442567157670438
0.125,0.65,0.225,0.1617491844751736,0.5067814287434789,0.23644082870021943
0.125,0.675,0.2,0.16468594894544394,0.5067270888320315,0.23485016923107016
0.125,0.7,0.175,0.1661280056285063,0.5085729044021339,0.2348271501876846
0.125,0.725,0.15,0.16596168890903545,0.5085736077725669,0.2378453445270764
0.125,0.75,0.125,0.16131459073036905,0.5063394901333887,0.23184522093206128
0.125,0.775,0.1,0.16465030257502059,0.5094076633164946,0.23540403870071075
0.125,0.8,0.075,0.1655703316550462,0.5116785613301225,0.22960461416201725
0.125,0.825,0.05,0.17784309806354584,0.525907565222097,0.23720507324858606
0.125,0.85,0.025,0.1801903340876297,0.5274529759470387,0.2634259356821237
0.125,0.875,0.0,0.1530054820343027,0.49332769621224587,0.2545195091281158
0.15,0.0,0.85,0.1469854636370153,0.4657219832997122,0.33408576262079914
0.15,0.025,0.825,0.15589093621643021,0.4925566568138052,0.19143857383287963
0.15,0.05,0.8,0.14721832203697213,0.48532017937261274,0.18752643555212212
0.15,0.075,0.775,0.1296824086834528,0.47128652954957373,0.19599506114487134
0.15,0.1,0.75,0.1366125350183951,0.4698262923881347,0.1895514980528874
0.15,0.125,0.725,0.13428049232173936,0.46729055251066565,0.20326001337156882
0.15,0.15,0.7,0.135570234711702,0.46839717385152946,0.2016511426295992
0.15,0.175,0.675,0.13715685476891254,0.4686888951887774,0.20106547557774662
0.15,0.2,0.65,0.13830952606752328,0.47093039692191896,0.2213198326290527
0.15,0.225,0.625,0.1379739008208415,0.471743775695747,0.2265341003399742
0.15,0.25,0.6,0.13282099573742182,0.4724035258140226,0.2400469126469512
0.15,0.275,0.575,0.14326525436884907,0.5030227139597973,0.2344414432736679
0.15,0.3,0.55,0.14446497112767204,0.5070803182355411,0.23778159125566972
0.15,0.325,0.525,0.1441007074231987,0.5066726548973155,0.23410030231890172
0.15,0.35,0.5,0.1478012322742252,0.5077457205574647,0.23359222138224248
0.15,0.375,0.475,0.15006491231988636,0.5078674528205107,0.23734735484695796
0.15,0.4,0.45,0.15077844870012222,0.5062401689326083,0.23916162815626618
0.15,0.425,0.425,0.14708208692872984,0.5054916859431287,0.2397465354508183
0.15,0.45,0.4,0.14740433470973607,0.5069014758736852,0.23993323306140177
0.15,0.475,0.375,0.14639833358159746,0.5072257482300907,0.24004384085282965
0.15,0.5,0.35,0.14741090846161267,0.508306197256935,0.23739799458492855
0.15,0.525,0.325,0.1544402039656307,0.508955980744942,0.23823733060284286
0.15,0.55,0.3,0.15581905149556757,0.5074738254776912,0.2358703709557448
0.15,0.575,0.275,0.15533111945520348,0.5075645414838454,0.23442401767465174
0.15,0.6,0.25,0.15340124456086232,0.509522922962312,0.23674500802584508
0.15,0.625,0.225,0.15465085683995292,0.5108143627427597,0.23834627213452617
0.15,0.65,0.2,0.1586397437363039,0.5075902749732155,0.23438450220364476
0.15,0.675,0.175,0.1593084206512785,0.5084300518431079,0.23497062245053005
0.15,0.7,0.15,0.16081502541392212,0.5103152132837334,0.23888983938028077
0.15,0.725,0.125,0.15798124994784224,0.5063881479599504,0.24169967649371277
0.15,0.75,0.1,0.1579475089341927,0.5063490564628848,0.23655347061538456
0.15,0.775,0.075,0.16174205447052897,0.5102365781266348,0.22846687420383874
0.15,0.8,0.05,0.1754055220602301,0.523883593961767,0.23679293094513842
0.15,0.825,0.025,0.18048627490405086,0.5252956312284777,0.2596942966513521
0.15,0.85,0.0,0.1448701541397463,0.4890968131384399,0.24379164099831085
0.175,0.0,0.825,0.1493206766694454,0.47236787487201815,0.31169775639227804
0.175,0.025,0.8,0.15619030215038093,0.4921146866533922,0.18956096410921816
0.175,0.05,0.775,0.14725163747408493,0.4868048102087685,0.17952845381198068
0.175,0.075,0.75,0.13138504522646424,0.4698055315065664,0.20830544869277726
0.175,0.1,0.725,0.13508933422221447,0.47161546481868094,0.20827478434530033
0.175,0.125,0.7,0.13054972685715444,0.46804345995929325,0.23413332276498788
0.175,0.15,0.675,0.1363237452511031,0.4897371735347412,0.23189118754941468
0.175,0.175,0.65,0.14155559851203445,0.49596904862617675,0.21373019799200224
0.175,0.2,0.625,0.14341901690933112,0.49555986758432374,0.21689447755484614
0.175,0.225,0.6,0.14330046799339174,0.49468952000658134,0.2232849732010098
0.175,0.25,0.575,0.14441984507314495,0.49763919545074864,0.23070801205199326
0.175,0.275,0.55,0.1435435857774858,0.4996954446254622,0.2275223881504387
0.175,0.3,0.525,0.14506942184508984,0.5045128725515005,0.23186921461207888
0.175,0.325,0.5,0.14141844962366895,0.5026525060793812,0.2338402483312173
0.175,0.35,0.475,0.13823153006407216,0.5039613058516216,0.23039659502694934
0.175,0.375,0.45,0.14233247364564872,0.5019388353758684,0.2376578329838115
0.175,0.4,0.425,0.14297700720473988,0.5012581056899387,0.23532367659573394
0.175,0.425,0.4,0.1424249318993195,0.5039044840656433,0.23707872603394464
0.175,0.45,0.375,0.14182541124728051,0.5066548118192982,0.23624818972373074
0.175,0.475,0.35,0.14077684923425193,0.5084128230081603,0.23936754328284615
0.175,0.5,0.325,0.14194919882463805,0.5086863119256098,0.23938773979965877
0.175,0.525,0.3,0.14280659280785643,0.5096635195813976,0.23789700165677466
0.175,0.55,0.275,0.14190787359735924,0.50837785881316,0.23249836562045728
0.175,0.575,0.25,0.1402209516496962,0.5088361182154586,0.2296802546669506
0.175,0.6,0.225,0.13974998845656558,0.5076460964034086,0.2279216442270112
0.175,0.625,0.2,0.1392113812882036,0.5063207585050362,0.23113527847183984
0.175,0.65,0.175,0.1456795899519627,0.5079189554780357,0.23348115667917116
0.175,0.675,0.15,0.14660773862997173,0.5073689026731205,0.23379885086016208
0.175,0.7,0.125,0.14445128200829155,0.5049314902332641,0.23363633526505892
0.175,0.725,0.1,0.14604186808107264,0.5065352022702564,0.223945522910983
0.175,0.75,0.075,0.1552327978857881,0.5099414977022192,0.23049155196604276
0.175,0.775,0.05,0.17654295306963455,0.5244643426053335,0.23756935398993526
0.175,0.8,0.025,0.18028076224321304,0.5237629027178519,0.25811830634281413
0.175,0.825,0.0,0.12393247747147568,0.471449201833953,0.18674956494654982
0.2,0.0,0.8,0.14525358541255565,0.47356035188162415,0.3116042092082616
0.2,0.025,0.775,0.16033000537380349,0.5066832527543478,0.19118143142100336
0.2,0.05,0.75,0.15329803578533838,0.504816762202892,0.1947007871347731
0.2,0.075,0.725,0.1382757771791425,0.4893626667643275,0.2016832903693621
0.2,0.1,0.7,0.1429684361266667,0.49282494178771685,0.20525195450598047
0.2,0.125,0.675,0.14111290957183195,0.4882761624375968,0.21523422827519176
0.2,0.15,0.65,0.14356621663053235,0.4895424496363174,0.21428227845205192
0.2,0.175,0.625,0.14434477307768653,0.4901541043521089,0.21332410749553776
0.2,0.2,0.6,0.14609879801486014,0.48894724871794215,0.209887266023552
0.2,0.225,0.575,0.14466472072298328,0.48749700838641474,0.2207813904129117
0.2,0.25,0.55,0.14424570155789865,0.4873375113051123,0.2220602014230872
0.2,0.275,0.525,0.1420354335704939,0.4909375739228137,0.21864206735348207
0.2,0.3,0.5,0.14417710377786494,0.502384849246607,0.22535227116021272
0.2,0.325,0.475,0.1410867823462938,0.5036190761808206,0.22367206782183127
0.2,0.35,0.45,0.1375346829762277,0.5030236694878621,0.22575602619859464
0.2,0.375,0.425,0.14272391906938697,0.5015093947735118,0.23238723453695415
0.2,0.4,0.4,0.14403946143954952,0.502407444734652,0.22989958851714076
0.2,0.425,0.375,0.14060297792452306,0.501072908788484,0.2304240083270696
0.2,0.45,0.35,0.1387867088590416,0.5012068116216981,0.23290630591650252
0.2,0.475,0.325,0.1400547027933679,0.501903502717543,0.23024808536873873
0.2,0.5,0.3,0.13543485688558832,0.5046803055336466,0.23791615188251858
0.2,0.525,0.275,0.1364854330801551,0.5050528690164492,0.23097341336192737
0.2,0.55,0.25,0.13459290754013137,0.5059095391051422,0.22821787911382452
0.2,0.575,0.225,0.13485565244793965,0.5066641712182681,0.22288030349166724
0.2,0.6,0.2,0.1343283645872884,0.501721574962972,0.22215888032054487
0.2,0.625,0.175,0.1351347877094417,0.5029128072075356,0.23100268131383467
0.2,0.65,0.15,0.13425836441348404,0.5000677225065355,0.23662855162775828
0.2,0.675,0.125,0.13288264914278636,0.4977160398818825,0.22987984289747054
0.2,0.7,0.1,0.13759898911243248,0.49976472094496344,0.22324094700966934
0.2,0.725,0.075,0.14936937889926097,0.5022083182453556,0.21853793663313062
0.2,0.75,0.05,0.17071307734127564,0.5168441386250485,0.23196026349342172
0.2,0.775,0.025,0.1768051837394782,0.5187673061780745,0.25393644579479685
0.2,0.8,0.0,0.11875387435378468,0.4731614047660993,0.18689689153594416
0.225,0.0,0.775,0.17074181886773118,0.5117641839565636,0.3122193381538179
0.225,0.025,0.75,0.15780440544510133,0.5097677726249538,0.19812710914345938
0.225,0.05,0.725,0.14996879273818878,0.5037101047296741,0.22299763151468796
0.225,0.075,0.7,0.14003982266358733,0.4868233769205898,0.23203863610402614
0.225,0.1,0.675,0.13863060908130387,0.4820822112613804,0.22475327601146022
0.225,0.125,0.65,0.14065935688422687,0.479968262017512,0.22286795312552815
0.225,0.15,0.625,0.14274297537806294,0.4816152867945428,0.22283454498131022
0.225,0.175,0.6,0.14099895548204158,0.4819702912502097,0.21577314334799158
0.225,0.2,0.575,0.1395591756668129,0.4801375228902107,0.21180590138329383
0.225,0.225,0.55,0.1362620489087546,0.4802877643164809,0.21990951033719128
0.225,0.25,0.525,0.13676009613911175,0.48435690254494895,0.22600528940277967
0.225,0.275,0.5,0.1396457735510304,0.48503346132296615,0.22485743919936893
0.225,0.3,0.475,0.14298284217210178,0.49809836188904855,0.23048114941249728
0.225,0.325,0.45,0.14086504369941685,0.4978378533288351,0.22430984279333735
0.225,0.35,0.425,0.13829507163604332,0.4972890159414309,0.2235745109846162
0.225,0.375,0.4,0.14005381496724933,0.49489717383387166,0.22897172747774028
0.225,0.4,0.375,0.14061579172805097,0.49434126617640467,0.2264324896972762
0.225,0.425,0.35,0.13321536169151735,0.49071472271036404,0.23247656220351515
0.225,0.45,0.325,0.13409196130592638,0.49232736879225114,0.23637956995972992
0.225,0.475,0.3,0.13430814770386182,0.49289547304027304,0.23628250617465632
0.225,0.5,0.275,0.1323580723353239,0.49322159274916444,0.23541022467226155
0.225,0.525,0.25,0.1337214725305366,0.4960629532606103,0.23498738657940982
0.225,0.55,0.225,0.13319275320529167,0.4984192795356614,0.22856988756417773
0.225,0.575,0.2,0.13215892062881937,0.49857682199226333,0.2217268935484668
0.225,0.6,0.175,0.13286299676163463,0.49949974947276715,0.21995358158578632
0.225,0.625,0.15,0.13591608221828472,0.4992838682392454,0.22559438259968334
0.225,0.65,0.125,0.13501130755520832,0.49849954648669853,0.22531662279130024
0.225,0.675,0.1,0.13689731439200295,0.4985169745421012,0.21740928054738046
0.225,0.7,0.075,0.14979760068836323,0.5015770647099216,0.20885252459802114
0.225,0.725,0.05,0.17053990060477087,0.5143349121635186,0.22407056728760988
0.225,0.75,0.025,0.17552259200154055,0.5132388421467984,0.24718450299695557
0.225,0.775,0.0,0.12807554992016748,0.4809139032852792,0.18243535184354795
0.25,0.0,0.75,0.2005167868423194,0.5184825790394517,0.3092664603135333
0.25,0.025,0.725,0.16014791820599278,0.5090000495004554,0.20639666605633145
0.25,0.05,0.7,0.1540409338755952,0.5034265670335053,0.2250898805593162
0.25,0.075,0.675,0.14093235630287115,0.48862426634183154,0.23559537665463773
0.25,0.1,0.65,0.1389308439024199,0.4807425744986926,0.23117397183115873
0.25,0.125,0.625,0.13903827559246812,0.4769477073960482,0.2327748178171328
0.25,0.15,0.6,0.1383569055378026,0.47673119821393584,0.23650894622412114
0.25,0.175,0.575,0.13816257714312194,0.47958006198967296,0.22048878298152602
0.25,0.2,0.55,0.13561088581338854,0.4763616382104238,0.21338940879314358
0.25,0.225,0.525,0.1330216929539419,0.47572354876387196,0.22454122421295244
0.25,0.25,0.5,0.1334099115965822,0.473906146936919,0.2305170077567277
0.25,0.275,0.475,0.1321626641639833,0.477604945126421,0.22821535502637846
0.25,0.3,0.45,0.14033859758079537,0.49071848163130666,0.23707170705191075
0.25,0.325,0.425,0.1365078456631042,0.4902022417349775,0.2304214904949452
0.25,0.35,0.4,0.1347992104775657,0.4909340966944262,0.2295018650522199
0.25,0.375,0.375,0.1342272876121732,0.4886805660218475,0.23604632108483328
0.25,0.4,0.35,0.1388964249124429,0.486754757361963,0.23375080570594267
0.25,0.425,0.325,0.13098156522015633,0.4860586908633389,0.23178589389918147
0.25,0.45,0.3,0.13357518314209224,0.49094023602057396,0.23516667694769997
0.25,0.475,0.275,0.13097036147079008,0.49217082474728807,0.22976627482670992
0.25,0.5,0.25,0.12949314134654089,0.4904647118314134,0.23980289017185227
0.25,0.525,0.225,0.13159967824607732,0.49117983673054,0.23780157416932038
0.25,0.55,0.2,0.12975781268499081,0.49243208598423893,0.23114502454484037
0.25,0.575,0.175,0.13044955170084999,0.4923131464620864,0.21387925247864792
0.25,0.6,0.15,0.13246477480479993,0.492538996327721,0.21145055025738876
0.25,0.625,0.125,0.13072449427355992,0.491197911948187,0.21967625420821307
0.25,0.65,0.1,0.13592526877550168,0.49517683864632905,0.2236551244023392
0.25,0.675,0.075,0.14844459833477008,0.4951195589235728,0.20876469196284858
0.25,0.7,0.05,0.16127512229113505,0.509660535503034,0.2289765019858657
0.25,0.725,0.025,0.17052850949364043,0.5071868433256409,0.24554720140947858
0.25,0.75,0.0,0.12142469245613918,0.4881747270975393,0.18027459948040034
0.275,0.0,0.725,0.20246274019399987,0.5215983958659741,0.30563859538880767
0.275,0.025,0.7,0.15353231089512678,0.5043560113838267,0.20454438707182443
0.275,0.05,0.675,0.15136583968933956,0.4968355715880141,0.23201445747488392
0.275,0.075,0.65,0.14217135419680027,0.4846407105055469,0.23855386450633304
0.275,0.1,0.625,0.1447810591494939,0.4801230645731514,0.23988594413369793
0.275,0.125,0.6,0.1406118294441759,0.47343163126627347,0.23578714397778147
0.275,0.15,0.575,0.1412546386094019,0.4750481434403252,0.23744973358249546
0.275,0.175,0.55,0.13981220617175047,0.4797979183160763,0.22129903890614547
0.275,0.2,0.525,0.13974476419240428,0.4800407427708263,0.21934871347475796
0.275,0.225,0.5,0.13440736134257253,0.47864043877344875,0.22785286036539903
0.275,0.25,0.475,0.12950151569989826,0.47723524860848043,0.22823668852371423
0.275,0.275,0.45,0.130969335790453,0.4777039211862612,0.22909713010061133
0.275,0.3,0.425,0.13160486440378213,0.4881546109579956,0.24377300314231415
0.275,0.325,0.4,0.1309186533171477,0.4879460257354195,0.2418486626411125
0.275,0.35,0.375,0.1321657654249529,0.48801118343808797,0.23221177464285264
0.275,0.375,0.35,0.13070110159934523,0.4843566131456112,0.23528396119107758
0.275,0.4,0.325,0.13414931063141822,0.4817265110008833,0.2319894703454268
0.275,0.425,0.3,0.13050635135974448,0.48264647077317263,0.2268281574342881
0.275,0.45,0.275,0.12658612039590136,0.4852136909984352,0.23268531789896293
0.275,0.475,0.25,0.1279025831014682,0.48342584622823975,0.23708761657583896
0.275,0.5,0.225,0.1274060079352637,0.48253399073410747,0.2365652750586943
0.275,0.525,0.2,0.12650306938686995,0.4822102029504958,0.23955044967221487
0.275,0.55,0.175,0.1254798541747109,0.483332733725365,0.22613899621371417
0.275,0.575,0.15,0.12651732976251093,0.4842932567427851,0.21871701293707424
0.275,0.6,0.125,0.12606873848943226,0.4849120252252214,0.2182832844122128
0.275,0.625,0.1,0.13197564272856202,0.48944488439225475,0.21796049733730172
0.275,0.65,0.075,0.1430430852891178,0.4889062222417258,0.2098273781499906
0.275,0.675,0.05,0.15344386083830255,0.5014759931632136,0.22624407019765091
0.275,0.7,0.025,0.16449082305460205,0.5036839271717058,0.24766781997674603
0.275,0.725,0.0,0.11384331739941687,0.4803715757237643,0.1742831103218057
0.3,0.0,0.7,0.20665737198375506,0.5185971277239688,0.3179554457781857
0.3,0.025,0.675,0.15111353785152182,0.49802587388396785,0.20330684893597678
0.3,0.05,0.65,0.1510102925699205,0.4937801928332399,0.23177708744867764
0.3,0.075,0.625,0.14310372021033677,0.48630217655354735,0.23670269033090094
0.3,0.1,0.6,0.14600474840949168,0.47661757683984396,0.23810614523538123
0.3,0.125,0.575,0.13612366064482592,0.47288406191654425,0.2284581068348497
0.3,0.15,0.55,0.1371596891990471,0.4736483836952099,0.23625620555144156
0.3,0.175,0.525,0.13805470245379978,0.4739794158793225,0.2262845652743512
0.3,0.2,0.5,0.13690244991872688,0.47279193523529073,0.22499921241753454
0.3,0.225,0.475,0.13549376497340163,0.4728795861984416,0.23205364411370138
0.3,0.25,0.45,0.1357035774735948,0.47403528925069216,0.23357285775759223
0.3,0.275,0.425,0.13242013581706646,0.47365723453640546,0.2337755607542295
0.3,0.3,0.4,0.1324150587546538,0.4823165578960517,0.24182455082097737
0.3,0.325,0.375,0.13613525684841957,0.4835900561698473,0.2450348686361637
0.3,0.35,0.35,0.13271969895137803,0.4841883804037171,0.24162545211385694
0.3,0.375,0.325,0.13086642795079306,0.4810940782592026,0.24281227592740462
0.3,0.4,0.3,0.13025782163999675,0.47910563615226126,0.23702311687206673
0.3,0.425,0.275,0.12476042758289094,0.4800429102846275,0.23186668466233512
0.3,0.45,0.25,0.1258687177762729,0.48128917005130745,0.23752681460124983
0.3,0.475,0.225,0.1269630150895209,0.48078056267912395,0.23611024987080168
0.3,0.5,0.2,0.12455146613664293,0.479470001768606,0.24498573941422597
0.3,0.525,0.175,0.12498581339646109,0.4805241111422266,0.24066162141741546
0.3,0.55,0.15,0.12572079763303975,0.48034910517665047,0.2260749880964218
0.3,0.575,0.125,0.12678538428721545,0.481816578240501,0.22126611651083938
0.3,0.6,0.1,0.13151208707946138,0.48306283443263665,0.210280705612282
0.3,0.625,0.075,0.14050545796872924,0.4837226109209054,0.21403193049535443
0.3,0.65,0.05,0.14902745199573714,0.4935153966226353,0.2202915598055916
0.3,0.675,0.025,0.15914602790037732,0.4967998019485123,0.24126670115194948
0.3,0.7,0.0,0.09876455846563063,0.46960123244906327,0.17465029664135107
0.325,0.0,0.675,0.16433450933680938,0.48939747925173616,0.27813536175228437
0.325,0.025,0.65,0.150403238763472,0.48974329296627694,0.2126218466941821
0.325,0.05,0.625,0.1524442782393752,0.48468640192425616,0.23140758264336436
0.325,0.075,0.6,0.1455874921091023,0.47619742687956573,0.231569667400977
0.325,0.1,0.575,0.13600113934166816,0.4681820616181955,0.23166314312871528
0.325,0.125,0.55,0.1377010968853705,0.4645853436403776,0.2346964621986806
0.325,0.15,0.525,0.13775733674739907,0.46745636304268445,0.24041073752130548
0.325,0.175,0.5,0.1382315749585235,0.46922654293272453,0.23614702461607334
0.325,0.2,0.475,0.13777119772350802,0.4676159504423672,0.23557059325467067
0.325,0.225,0.45,0.1376955667058845,0.46965559544457847,0.24026563683290758
0.325,0.25,0.425,0.13496196496669344,0.4691844709132046,0.23330473377017535
0.325,0.275,0.4,0.1339529370702,0.4709277553381891,0.2339738574068719
0.325,0.3,0.375,0.133835239731788,0.4792663115011262,0.24366466149025862
0.325,0.325,0.35,0.13387264920425074,0.4804934498178279,0.2437528631349511
0.325,0.35,0.325,0.13594556186936257,0.48097520993545007,0.2440261011427009
0.325,0.375,0.3,0.13438688967442985,0.47657806010243164,0.2471624806706184
0.325,0.4,0.275,0.13266765535649178,0.4755619009028827,0.25217736329290025
0.325,0.425,0.25,0.13320433113071237,0.4769520020351642,0.2405780980154675
0.325,0.45,0.225,0.13441181840458155,0.4745148196685827,0.2412767495947364
0.325,0.475,0.2,0.1326846964548282,0.47592517035612886,0.2458489087179367
0.325,0.5,0.175,0.12936840879438588,0.47573052014390926,0.24284457607690224
0.325,0.525,0.15,0.1292807877713317,0.4761516302265816,0.2423624981394981
0.325,0.55,0.125,0.12787677168495096,0.4765326695425383,0.22439491861048386
0.325,0.575,0.1,0.13330432033005368,0.4806058726037366,0.20991559657394288
0.325,0.6,0.075,0.1372410327912325,0.4823853122460824,0.21463278472371947
0.325,0.625,0.05,0.14633723597098558,0.4913084906419918,0.21205632051174736
0.325,0.65,0.025,0.158291787646303,0.4921389460534318,0.24959569798797926
0.325,0.675,0.0,0.08832698003824355,0.4690377697635041,0.1340378389946121
0.35,0.0,0.65,0.17446391562294358,0.4912274547351431,0.326047749080528
0.35,0.025,0.625,0.14518149010389453,0.4863168481218539,0.22268954090796333
0.35,0.05,0.6,0.14920832119235128,0.4826903505342899,0.23516914398919975
0.35,0.075,0.575,0.13748261499320716,0.47235802857179116,0.22289135253018505
0.35,0.1,0.55,0.1382901299566873,0.4666961003642544,0.24208146320285287
0.35,0.125,0.525,0.13873420989906526,0.46254909774144454,0.24138998621271593
0.35,0.15,0.5,0.1395621202543013,0.46424746184883664,0.24226496759008104
0.35,0.175,0.475,0.1451929975186492,0.46419002329233405,0.23858992694244985
0.35,0.2,0.45,0.14250541633824465,0.46374386081647273,0.23444960636220963
0.35,0.225,0.425,0.1405685894192859,0.4649267737928293,0.2351364825590225
0.35,0.25,0.4,0.14027848979770818,0.46515983323750787,0.2307332101431921
0.35,0.275,0.375,0.13888687173152017,0.4666519179942887,0.23075773547381936
0.35,0.3,0.35,0.13695654944851596,0.47551237691323256,0.2360846974440863
0.35,0.325,0.325,0.1363088526772148,0.4757710203234138,0.23884371617138833
0.35,0.35,0.3,0.13527522810625514,0.47716378923573466,0.23756745516285474
0.35,0.375,0.275,0.12996492144423044,0.4743847602188518,0.24109046415414795
0.35,0.4,0.25,0.13012792318448735,0.4720236208122873,0.24553364263804092
0.35,0.425,0.225,0.13217759243313898,0.4735836500629108,0.23108763792403167
0.35,0.45,0.2,0.12908266465602744,0.47145271693097923,0.2307600537426588
0.35,0.475,0.175,0.12920723447939272,0.4698313917924893,0.23074890922089342
0.35,0.5,0.15,0.12426361056225467,0.47161943462029216,0.23600127796599263
0.35,0.525,0.125,0.12285748069797768,0.473707885084342,0.22557113398684223
0.35,0.55,0.1,0.13117013443175607,0.47815355984315694,0.21827835484273095
0.35,0.575,0.075,0.13775062600360188,0.4802223437938672,0.21010855327598793
0.35,0.6,0.05,0.14604883704237387,0.48914312793697545,0.20807402899542446
0.35,0.625,0.025,0.15539166643456964,0.4915026561487956,0.23523936074034313
0.35,0.65,0.0,0.08835261977347479,0.466331510116725,0.11111744231612912
0.375,0.0,0.625,0.19453238126820346,0.49602812544343117,0.3151586324133925
0.375,0.025,0.6,0.14701976986048504,0.48458468533035415,0.22678678759637808
0.375,0.05,0.575,0.14657564923002872,0.4821396008030456,0.23511126772277155
0.375,0.075,0.55,0.13763526928594585,0.4723792323737846,0.23211667247995368
0.375,0.1,0.525,0.13881518614886454,0.4652890783186004,0.23520955425220635
0.375,0.125,0.5,0.13904253434868447,0.4600587698073123,0.23123313220640218
0.375,0.15,0.475,0.13774551971720256,0.4611459061869895,0.2330050964796925
0.375,0.175,0.45,0.13636209987689032,0.4614037391685018,0.2264524455092235
0.375,0.2,0.425,0.13643858434725187,0.46059967291351983,0.2213657528540733
0.375,0.225,0.4,0.1365490037047579,0.4613735180560766,0.2263754133353949
0.375,0.25,0.375,0.1361670880014632,0.46168792646508977,0.2226596735784792
0.375,0.275,0.35,0.13715502227919646,0.46316323524199354,0.22509164826509515
0.375,0.3,0.325,0.13250503002081304,0.47191725621488784,0.23149331663177702
0.375,0.325,0.3,0.13242059656031763,0.47188247772264114,0.23445724144366742
0.375,0.35,0.275,0.1332141698656062,0.4723090497505407,0.23790250235294952
0.375,0.375,0.25,0.1330025528304013,0.46874267640751727,0.24473152032588652
0.375,0.4,0.225,0.13227541461718093,0.46677579580054074,0.24464159955621162
0.375,0.425,0.2,0.13073990068887142,0.46931409960091386,0.23430686228431089
0.375,0.45,0.175,0.13075181528310784,0.4662387320485732,0.23220486475243501
0.375,0.475,0.15,0.12783792306379171,0.4696762895314698,0.23233253914000696
0.375,0.5,0.125,0.12446766201082253,0.4719948188830018,0.2245930578459025
0.375,0.525,0.1,0.1290297038848035,0.47372876470623587,0.2255287015867535
0.375,0.55,0.075,0.13510562108673924,0.47700063684094113,0.21868001691580066
0.375,0.575,0.05,0.14360589664078896,0.4887597428471455,0.19845866945009916
0.375,0.6,0.025,0.15516840214282612,0.4904619738039825,0.23344560798100933
0.375,0.625,0.0,0.06774163247721043,0.4475090425008064,0.09412193883574699
0.4,0.0,0.6,0.16730163370671822,0.46830970869227356,0.2849434743573092
0.4,0.025,0.575,0.14892645215264366,0.48514349985247057,0.21928137110126408
0.4,0.05,0.55,0.14605783725097152,0.48267239667227485,0.23665073080069998
0.4,0.075,0.525,0.1370857936140002,0.4730527653184315,0.23460169604699566
0.4,0.1,0.5,0.1366713277680087,0.46145094044380286,0.23283546230332966
0.4,0.125,0.475,0.136830242628605,0.45546995671266516,0.22835641221269842
0.4,0.15,0.45,0.13640662889549632,0.4573759583174993,0.2307811528007089
0.4,0.175,0.425,0.1384327398359817,0.4580586207808344,0.22534346382086434
0.4,0.2,0.4,0.13850922430634324,0.4568143826834379,0.22207018766834974
0.4,0.225,0.375,0.1371752641930998,0.45564093828312147,0.22291974419482366
0.4,0.25,0.35,0.13728500513669428,0.4541133481182172,0.22095148819972685
0.4,0.275,0.325,0.13693226767872768,0.4557701800468083,0.22273854138196034
0.4,0.3,0.3,0.13464238708285545,0.461843697007018,0.2203644711678571
0.4,0.325,0.275,0.13366806409574428,0.46223158333019776,0.23333465380586435
0.4,0.35,0.25,0.13718701950295942,0.4631381394650447,0.23796076140956168
0.4,0.375,0.225,0.13504169510480563,0.4618682836656947,0.24250435547115323
0.4,0.4,0.2,0.13683481852328006,0.4610163678879048,0.24297940744531293
0.4,0.425,0.175,0.13192194990740672,0.46107109276585534,0.23066175737700617
0.4,0.45,0.15,0.12782313387849434,0.46236645877613347,0.23200687753339866
0.4,0.475,0.125,0.12410921896259702,0.46480436201231645,0.22204639663120612
0.4,0.5,0.1,0.13050495569693962,0.4719858546007943,0.21718844640515017
0.4,0.525,0.075,0.13543439428753104,0.47621091906483143,0.2164824565443241
0.4,0.55,0.05,0.14414186410594532,0.4877810725067584,0.19998380286251774
0.4,0.575,0.025,0.1555220114671758,0.48937080409465267,0.2228454029101058
0.4,0.6,0.0,0.06869666590283173,0.43499475765902934,0.09197830491545007
0.425,0.0,0.575,0.16587233886475203,0.4551034095076916,0.30325969765418165
0.425,0.025,0.55,0.1545831359722144,0.48637142578374226,0.215719147900704
0.425,0.05,0.525,0.14612844350922788,0.48287881935383437,0.22762647295190713
0.425,0.075,0.5,0.13727415297717355,0.47237122683135996,0.22398542337169555
0.425,0.1,0.475,0.13516720618470435,0.459408606261608,0.22037266008739878
0.425,0.125,0.45,0.13551024458922536,0.4553903801595817,0.21386409717016694
0.425,0.15,0.425,0.1322969946195796,0.4570525082573863,0.2203283686072758
0.425,0.175,0.4,0.134499286270421,0.45773517072072145,0.21726992762106934
0.425,0.2,0.375,0.13467451897038069,0.4574824114270432,0.21352595881290784
0.425,0.225,0.35,0.13696823786042508,0.45620773876244747,0.21633460221739761
0.425,0.25,0.325,0.13772125461923984,0.45272141244140274,0.21025912787119622
0.425,0.275,0.3,0.1375864954818616,0.4557436457941676,0.2156859564077883
0.425,0.3,0.275,0.13793149632555426,0.4610283234376894,0.2184340582240071
0.425,0.325,0.25,0.13688604667191512,0.4608756650181267,0.22653314244820005
0.425,0.35,0.225,0.13873403282365696,0.4613023345009979,0.2238642715279709
0.425,0.375,0.2,0.1373895587804021,0.4592109721315251,0.23057605902234926
0.425,0.4,0.175,0.13798582620448735,0.45936944605903646,0.2325194369245622
0.425,0.425,0.15,0.13404477853483,0.46240207662478816,0.22377085032462918
0.425,0.45,0.125,0.1308615448983961,0.46318783954852727,0.21997071070007995
0.425,0.475,0.1,0.13559126455179243,0.46990385665252815,0.21641915611778423
0.425,0.5,0.075,0.13898326879091588,0.4747861885312657,0.2187441539644125
0.425,0.525,0.05,0.14508341525206625,0.4880100496455367,0.19904686180954076
0.425,0.55,0.025,0.1555216416311037,0.48901295817371854,0.22579573004675135
0.425,0.575,0.0,0.0808103757257533,0.43744472465395773,0.09241652831140369
0.45,0.0,0.55,0.17333989352324694,0.4623324354502774,0.3194515342354444
0.45,0.025,0.525,0.15474442186140452,0.4867684975846722,0.21226465880354076
0.45,0.05,0.5,0.14538612897790043,0.4833717023855513,0.22362809556558488
0.45,0.075,0.475,0.13674089796558567,0.47169974908448237,0.2195194789416455
0.45,0.1,0.45,0.1359165269194083,0.4604192161875244,0.22223389543023206
0.45,0.125,0.425,0.13341858182127625,0.4579578706702623,0.21505427398152818
0.45,0.15,0.4,0.13275074998854003,0.45824980349447114,0.21571177232783792
0.45,0.175,0.375,0.1342475930684702,0.4580245422710453,0.2115536365658178
0.45,0.2,0.35,0.133135256100998,0.4593943423454457,0.20948681620179646
0.45,0.225,0.325,0.13235569559383062,0.4590463137676033,0.20799017209974457
0.45,0.25,0.3,0.13556806605428867,0.45454216336588,0.2056963055592941
0.45,0.275,0.275,0.13625037852517652,0.45581306712077413,0.21024628149859656
0.45,0.3,0.25,0.13729072045478796,0.4639280064226556,0.21455622241753364
0.45,0.325,0.225,0.13684403333362227,0.4635893619869505,0.21815240651257464
0.45,0.35,0.2,0.1420318287526149,0.4631171634257302,0.21436139366339796
0.45,0.375,0.175,0.13951806338083145,0.4629101269218605,0.22422483738417268
0.45,0.4,0.15,0.13783159753613938,0.4618783343172371,0.22562305282478884
0.45,0.425,0.125,0.13249386034723698,0.46292109025460687,0.21472634620728054
0.45,0.45,0.1,0.13681244298440798,0.46988689069737744,0.2172679687971779
0.45,0.475,0.075,0.13795590005384567,0.4746039502179162,0.22293976292088824
0.45,0.5,0.05,0.14454612898318503,0.4880100496455367,0.2047747150051033
0.45,0.525,0.025,0.1528211589258812,0.48919143879037974,0.22659690772241955
0.45,0.55,0.0,0.08654464142153882,0.44062322172812735,0.09236478468355822
0.475,0.0,0.525,0.14865708918452575,0.44552097333824375,0.27307119207121916
0.475,0.025,0.5,0.1505960080592149,0.4858911456267579,0.2112777545306248
0.475,0.05,0.475,0.14426148512631642,0.4834490756776738,0.22629357975759493
0.475,0.075,0.45,0.1357467203505994,0.47035905911700854,0.21503856026227003
0.475,0.1,0.425,0.13297986442442408,0.4610029828029594,0.2155351879663831
0.475,0.125,0.4,0.1335660106206138,0.45654145243726046,0.20915777600517382
0.475,0.15,0.375,0.13250969392783998,0.4576986598341075,0.21139816754303214
0.475,0.175,0.35,0.13345991113779726,0.45747339861068165,0.20826478244571858
0.475,0.2,0.325,0.13374769495426292,0.45722063931700324,0.2043184617291484
0.475,0.225,0.3,0.13296813444709552,0.45777374669778004,0.20782263176081506
0.475,0.25,0.275,0.1360414138443073,0.45352571539606423,0.2025537961595122
0.475,0.275,0.25,0.1344725202177477,0.45479661915095826,0.20296185606822859
0.475,0.3,0.225,0.13553512947082516,0.4636329818622993,0.20915286676329436
0.475,0.325,0.2,0.1369821248781458,0.4612387851895493,0.20938631299785887
0.475,0.35,0.175,0.14092077575914505,0.46417803726706325,0.2127329072810474
0.475,0.375,0.15,0.1378869308350745,0.46598434008264605,0.21888505712982526
0.475,0.4,0.125,0.13505054981303272,0.46227734049419267,0.22158129201918705
0.475,0.425,0.1,0.135437997316392,0.4686411857045097,0.21019721715568973
0.475,0.45,0.075,0.13686724575389653,0.47451312513340627,0.2179769769071358
0.475,0.475,0.05,0.14500774085814075,0.48761888738623765,0.21310745694169367
0.475,0.5,0.025,0.1522516375335731,0.48884316202317285,0.22737065490314026
0.475,0.525,0.0,0.0991567749188717,0.44269051441502866,0.10083193825551254
0.5,0.0,0.5,0.1475042974564642,0.4421880188696252,0.2774735356868369
0.5,0.025,0.475,0.1513603212279539,0.4858577978034455,0.21090819885665063
0.5,0.05,0.45,0.14721293648636846,0.4812205817608588,0.22024058380576117
0.5,0.075,0.425,0.13499033837975932,0.4700765096673328,0.21692810668434676
0.5,0.1,0.4,0.13417990133401372,0.4601449122545894,0.21477614557088848
0.5,0.125,0.375,0.1349025901086451,0.4566347550828407,0.2092383862132115
0.5,0.15,0.35,0.13401274175065092,0.4583601659172784,0.2088788136752216
0.5,0.175,0.325,0.13423331126601615,0.45813490469385265,0.20542541008815118
0.5,0.2,0.3,0.13452766091141022,0.45846550958436505,0.20137718915738095
0.5,0.225,0.275,0.13374810040424281,0.4590186169651418,0.20433701112095481
0.5,0.25,0.25,0.13709514151217567,0.45413864949240623,0.19936735529673055
0.5,0.275,0.225,0.13674756452965148,0.456163385150988,0.200388358440499
0.5,0.3,0.2,0.13995488261725259,0.46376709035877867,0.20198686734366864
0.5,0.325,0.175,0.13900969679146458,0.46431049566163424,0.2035969811220431
0.5,0.35,0.15,0.14013297101282982,0.46901384960443343,0.20488420333553323
0.5,0.375,0.125,0.13671241027134967,0.4652536834896406,0.21584661124919932
0.5,0.4,0.1,0.13780068104354368,0.46789445579367095,0.209163189771858
0.5,0.425,0.075,0.13729760091626664,0.47314163840499013,0.21287925678723865
0.5,0.45,0.05,0.1480425538391435,0.48721609423900103,0.217176701696898
0.5,0.475,0.025,0.1517499957342608,0.48894531362150273,0.2340538001405596
0.5,0.5,0.0,0.10146898148430154,0.45087562463224656,0.09662050377209956
0.525,0.0,0.475,0.14774452773178948,0.4449946634728257,0.2681614739716944
0.525,0.025,0.45,0.15167820776109825,0.48624757442701916,0.21254533002249068
0.525,0.05,0.425,0.14752384166419785,0.4805646929773149,0.2272645669590408
0.525,0.075,0.4,0.13373580706506313,0.4715838129401746,0.2191849858757752
0.525,0.1,0.375,0.13259416688585765,0.4601490874222155,0.21792207162598237
0.525,0.125,0.35,0.1338559054909369,0.4567357870643481,0.21091411232856772
0.525,0.15,0.325,0.13259899669410077,0.4578051950940274,0.21214548894612265
0.525,0.175,0.3,0.1332287649198844,0.4577896289704372,0.209379904441657
0.525,0.2,0.275,0.13313012643335248,0.45802337704706825,0.20646004897037865
0.525,0.225,0.25,0.13265034299866646,0.459149353285871,0.20817110667801736
0.525,0.25,0.225,0.1365272672992244,0.4543059550925937,0.20363597572826816
0.525,0.275,0.2,0.13720328460431808,0.4568848085604474,0.20506999790053723
0.525,0.3,0.175,0.13858742729612195,0.4646542110344452,0.2043765232368515
0.525,0.325,0.15,0.137097033426674,0.4683820988995099,0.20833182464141756
0.525,0.35,0.125,0.13727187691291554,0.466137274593042,0.21493672311380457
0.525,0.375,0.1,0.13923215377542125,0.4696615877460164,0.2127782424243007
0.525,0.4,0.075,0.13808040202441466,0.4711875435341362,0.21475100721478543
0.525,0.425,0.05,0.14514396598833548,0.48658105517889827,0.2244430774976597
0.525,0.45,0.025,0.15075467425240904,0.48872991296905155,0.23883659990071315
0.525,0.475,0.0,0.10456668850752063,0.45384299766503233,0.10405661679879602
0.55,0.0,0.45,0.15149281471868517,0.4486357779673164,0.26102418906189606
0.55,0.025,0.425,0.1554158633906208,0.4859129345155949,0.21293895994026776
0.55,0.05,0.4,0.14579417154847876,0.4800915413447298,0.22519077399841822
0.55,0.075,0.375,0.13373580706506313,0.46974103904732223,0.21849313016411917
0.55,0.1,0.35,0.13346163435835678,0.459722731762365,0.21336854722892326
0.55,0.125,0.325,0.1338451932803391,0.45714092583929544,0.212757591285197
0.55,0.15,0.3,0.13256686006230733,0.4582103338689747,0.2148816267546456
0.55,0.175,0.275,0.13278742957767256,0.457153578210751,0.2063989137850431
0.55,0.2,0.25,0.1326001156248527,0.4573568065094106,0.20523623014903067
0.55,0.225,0.225,0.1320888908576946,0.4585922613052913,0.207637919006505
0.55,0.25,0.2,0.13641716741174073,0.45460609377930844,0.20433646047677495
0.55,0.275,0.175,0.1352440356447806,0.45727080963206723,0.20557993872913002
0.55,0.3,0.15,0.138875241721141,0.46729185440879695,0.20059588553004168
0.55,0.325,0.125,0.13465186910000668,0.4653589204560953,0.2150002831377408
0.55,0.35,0.1,0.14139249362044434,0.47113692695498727,0.20728062037819173
0.55,0.375,0.075,0.14280245696219926,0.47160970387082135,0.21406679337286508
0.55,0.4,0.05,0.1488382798642992,0.48445434135623455,0.22038279051534387
0.55,0.425,0.025,0.15140181039324066,0.4876864637986184,0.24801429491317403
0.55,0.45,0.0,0.10599310087598253,0.4551665024414302,0.10343802933283115
0.575,0.0,0.425,0.15390175571866904,0.4493969225506857,0.2691464385640441
0.575,0.025,0.4,0.15588967110524704,0.48589138388404124,0.2150453270840337
0.575,0.05,0.375,0.14746447063061238,0.48006999071317613,0.2253037831737035
0.575,0.075,0.35,0.13381479279994432,0.4695043124567481,0.21818067848901454
0.575,0.1,0.325,0.13341213980438915,0.4605326755656091,0.21548232208155782
0.575,0.125,0.3,0.13368904953580046,0.4571193752077417,0.20904839979577414
0.575,0.15,0.275,0.1324107163177687,0.45818878323742096,0.21163765870885848
0.575,0.175,0.25,0.1331218633418221,0.4579635220139951,0.20806056000811382
0.575,0.2,0.225,0.13335016283344264,0.45814367419325486,0.20688199343267946
0.575,0.225,0.2,0.13239118799005065,0.45954825318320436,0.20805454106183066
0.575,0.25,0.175,0.13705556265112048,0.45636531319780405,0.20411098587443777
0.575,0.275,0.15,0.13757147213970694,0.46187041733663875,0.20313242557907057
0.575,0.3,0.125,0.1369556263949408,0.4669373328202486,0.21332372708860725
0.575,0.325,0.1,0.13831686079204786,0.4700933871208649,0.2047595590396213
0.575,0.35,0.075,0.14350480793039225,0.4715894019004228,0.2082282733829977
0.575,0.375,0.05,0.14906842156135666,0.48405884829314544,0.22206088554692396
0.575,0.4,0.025,0.1526764975953908,0.4878552941537453,0.24717768222419817
0.575,0.425,0.0,0.11005921180079518,0.4549362991983804,0.10315311848060718
0.6,0.0,0.4,0.15587541190880397,0.45152891663849387,0.2705637931827925
0.6,0.025,0.375,0.1562919849559281,0.4877667597935998,0.21404973219545365
0.6,0.05,0.35,0.14746447063061238,0.4806849486175625,0.2253037831737035
0.6,0.075,0.325,0.13469297248304132,0.47149346533846265,0.21511845248626638
0.6,0.1,0.3,0.13293349277997815,0.4627038876101767,0.2132271228751078
0.6,0.125,0.275,0.1327090716244384,0.4581386798470588,0.20809224615595148
0.6,0.15,0.25,0.13173922891673503,0.4596219148356657,0.21109797584159648
0.6,0.175,0.225,0.13427483820224073,0.4611189542325524,0.2071887560842318
0.6,0.2,0.2,0.13325945628477423,0.461073341246587,0.20385599315478983
0.6,0.225,0.175,0.1327272860970743,0.4624297752023477,0.20268935568485713
0.6,0.25,0.15,0.13868183894414876,0.4612740282218144,0.19844246886177574
0.6,0.275,0.125,0.13368600664397373,0.46274907270944154,0.21567720095661866
0.6,0.3,0.1,0.1405842443934418,0.4725917358434865,0.20073096379009558
0.6,0.325,0.075,0.13941473909769192,0.4710278136730539,0.20759440595682865
0.6,0.35,0.05,0.148457765863112,0.480512014628118,0.2231482812406904
0.6,0.375,0.025,0.1510469447294122,0.48695589065866424,0.2489069250118635
0.6,0.4,0.0,0.11041042759465025,0.45456526625265503,0.10523400278642712
0.625,0.0,0.375,0.1540791231862057,0.4536648872910334,0.2748866643974526
0.625,0.025,0.35,0.1547414627074729,0.4877667597935998,0.2186390200241498
0.625,0.05,0.325,0.1474091363022627,0.4806849486175625,0.22398212391803965
0.625,0.075,0.3,0.13463763815469165,0.47149346533846265,0.21463248668071394
0.625,0.1,0.275,0.1311288185615037,0.4619658071638538,0.21017104555572344
0.625,0.125,0.25,0.13187589289189994,0.4585525068059864,0.2095698719093766
0.625,0.15,0.225,0.1318917496688202,0.46060613500965547,0.2107525650830458
0.625,0.175,0.2,0.1334643690414497,0.4620964967420191,0.2052419042677039
0.625,0.2,0.175,0.1334479558999359,0.46058582758999145,0.20006466796766836
0.625,0.225,0.15,0.13461358006358062,0.464240276252901,0.2005574986259756
0.625,0.25,0.125,0.13497937334272592,0.46083196666343446,0.2061588171375998
0.625,0.275,0.1,0.138352773277978,0.46573420244046543,0.2026942919769308
0.625,0.3,0.075,0.13953894591068255,0.47402758738583217,0.20480963223816762
0.625,0.325,0.05,0.14512320889874172,0.48044169995612845,0.22213133781442754
0.625,0.35,0.025,0.15192457326107867,0.4867040305045475,0.25303100689904756
0.625,0.375,0.0,0.1106330217221768,0.45412687111690103,0.10638746782969084
0.65,0.0,0.35,0.156962786459062,0.4559815120448319,0.2740353934712424
0.65,0.025,0.325,0.15567676425797097,0.4886733529107363,0.22162611681136096
0.65,0.05,0.3,0.1485737740258525,0.4811827383099252,0.22079692157048883
0.65,0.075,0.275,0.13440008397867248,0.4719444301610071,0.20798842832203993
0.65,0.1,0.25,0.13079725395448402,0.46203557335167617,0.2049869394111357
0.65,0.125,0.225,0.13245824533980524,0.4596195035773505,0.20198582280900898
0.65,0.15,0.2,0.1314231313722993,0.46160715943445196,0.20123194487786647
0.65,0.175,0.175,0.13426530310694487,0.4618649081159979,0.20370450588186897
0.65,0.2,0.15,0.13291026780722334,0.46233228303888135,0.19515797440438779
0.65,0.225,0.125,0.1299506181739946,0.463438645736454,0.2032823376651221
0.65,0.25,0.1,0.1370071818386032,0.46502076333174225,0.1927135360163934
0.65,0.275,0.075,0.13653110595080725,0.4718820940021567,0.1999026285598114
0.65,0.3,0.05,0.1453847510278215,0.48077415105752985,0.2213770998698784
0.65,0.325,0.025,0.15265577358642463,0.4873614706100559,0.26068794816556395
0.65,0.35,0.0,0.10861203668225582,0.4525281762074937,0.11552333567244641
0.675,0.0,0.325,0.15688909430187634,0.4559253414930181,0.25556246085302603
0.675,0.025,0.3,0.15567676425797097,0.4886733529107363,0.21889724770771923
0.675,0.05,0.275,0.14876415379656563,0.48118906929517746,0.21542224673837462
0.675,0.075,0.25,0.1330765735871972,0.4719240078037389,0.20812611259073857
0.675,0.1,0.225,0.13117739237420756,0.46301238157794955,0.2037559702613599
0.675,0.125,0.2,0.13240368629060048,0.460944811954719,0.20120243525107487
0.675,0.15,0.175,0.1335108568019989,0.4613520888931008,0.2030461222475759
0.675,0.175,0.15,0.133400390947688,0.4634432379014812,0.19652264458245855
0.675,0.2,0.125,0.13058581302359681,0.46146983906433614,0.19434962144671045
0.675,0.225,0.1,0.13353194238942934,0.465397417158777,0.18884775606667684
0.675,0.25,0.075,0.1381743182887765,0.4712445851373055,0.19282813502472712
0.675,0.275,0.05,0.14368673199734158,0.4790209171417066,0.22568183652512644
0.675,0.3,0.025,0.15090604247268802,0.4882509374519536,0.2527248255175066
0.675,0.325,0.0,0.10860645590546188,0.4518397497845935,0.12359681844717456
0.7,0.0,0.3,0.160337254930987,0.45860301458244507,0.251855753424961
0.7,0.025,0.275,0.15748514555947044,0.4893046803592981,0.21576740456722923
0.7,0.05,0.25,0.14988838270073956,0.48186992570681025,0.212336840552076
0.7,0.075,0.225,0.1337631081887484,0.47278901382838084,0.19492725253924426
0.7,0.1,0.2,0.1324021900428309,0.46411600899974415,0.19175105088323616
0.7,0.125,0.175,0.13554460098351595,0.4606221001003446,0.19144393689361863
0.7,0.15,0.15,0.13307646844179366,0.4633893164179331,0.1945513114124501
0.7,0.175,0.125,0.1328441260134863,0.46225853242584186,0.1886017626118067
0.7,0.2,0.1,0.13266645632632965,0.46365767766078625,0.18147299814833914
0.7,0.225,0.075,0.13451023193141545,0.4707506457439605,0.18416187037066303
0.7,0.25,0.05,0.14402847062799587,0.4790733250335832,0.22404226481274478
0.7,0.275,0.025,0.15078251597638345,0.4891768802993972,0.2553543937940068
0.7,0.3,0.0,0.10933346711052358,0.4505922298197582,0.12289271126466267
0.725,0.0,0.275,0.15662526343930103,0.45910715687022546,0.25831931830136373
0.725,0.025,0.25,0.1586057005338583,0.4893046803592981,0.21537444088092905
0.725,0.05,0.225,0.15157322095900705,0.4821094077976579,0.21455396101710045
0.725,0.075,0.2,0.13517164022283032,0.47279074912950236,0.19744614960408327
0.725,0.1,0.175,0.1339275797937591,0.4636996629767775,0.1922055862468711
0.725,0.125,0.15,0.13265476046528535,0.463418265548502,0.19266264018509122
0.725,0.15,0.125,0.13270240463354693,0.46478735336480415,0.1946939819216859
0.725,0.175,0.1,0.13179291851518055,0.46341059251956884,0.17579239978532765
0.725,0.2,0.075,0.13414917960056216,0.47037005197410836,0.17586394434898242
0.725,0.225,0.05,0.14451949300771652,0.48011344752543417,0.21849281401538317
0.725,0.25,0.025,0.153143554890116,0.489352632764218,0.2529709636743003
0.725,0.275,0.0,0.10818852683841007,0.45117778469861586,0.12233034202432863
0.75,0.0,0.25,0.1618793217662205,0.46071217106515144,0.2570572860094624
0.75,0.025,0.225,0.16037812286377354,0.4892732493167392,0.21537444088092905
0.75,0.05,0.2,0.15297321125457664,0.4821094077976579,0.21205746704699918
0.75,0.075,0.175,0.13844804000386693,0.47279074912950236,0.1961075840998409
0.75,0.1,0.15,0.13411482577522107,0.4648658217421051,0.19273504867902375
0.75,0.125,0.125,0.13383935837934505,0.46369253612102523,0.1932438193821835
0.75,0.15,0.1,0.1306961373964597,0.46464822949092166,0.18914016199472652
0.75,0.175,0.075,0.13315292048668714,0.47081863829682447,0.18327492870768577
0.75,0.2,0.05,0.1405491032400163,0.4788569460068511,0.21958495786564286
0.75,0.225,0.025,0.15482839314838345,0.48918413299407043,0.25298293773946046
0.75,0.25,0.0,0.10908308865647888,0.45152833419763155,0.12326384684032472
0.775,0.0,0.225,0.15888636941015474,0.4646025738548307,0.25425761388627977
0.775,0.025,0.2,0.16531225237951497,0.48935397161788274,0.21537444088092905
0.775,0.05,0.175,0.1588962736233078,0.482077976755099,0.2126756638424998
0.775,0.075,0.15,0.1375850445778346,0.4732396377066073,0.19914077273941785
0.775,0.1,0.125,0.13430933342179008,0.46638441306943335,0.1942258916958102
0.775,0.125,0.1,0.13333256436801194,0.4648394423272606,0.19011983906617202
0.775,0.15,0.075,0.13609498743402995,0.4700062269691103,0.18659564924948469
0.775,0.175,0.05,0.1420089605443253,0.47844276020657,0.22230378878098597
0.775,0.2,0.025,0.15336447994223024,0.48921487523862744,0.25679912338509203
0.775,0.225,0.0,0.11043521925077025,0.45173682498985,0.12253235963426538
0.8,0.0,0.2,0.16480217843542966,0.4658989425181433,0.25939638292971007
0.8,0.025,0.175,0.16456697812273216,0.48935397161788274,0.21537444088092905
0.8,0.05,0.15,0.15852838934094973,0.4818938271420897,0.2128556809075434
0.8,0.075,0.125,0.13941582327285512,0.473674663802114,0.20590830471526494
0.8,0.1,0.1,0.13365780503773922,0.4673700900358899,0.1939576140445393
0.8,0.125,0.075,0.13626131743676795,0.4707685637155533,0.1919560342056997
0.8,0.15,0.05,0.1438330914660037,0.4753777038081827,0.2208314259148015
0.8,0.175,0.025,0.15881382793917814,0.4892561774379697,0.2599868339866522
0.8,0.2,0.0,0.11283061321419764,0.45152945449866166,0.12349179555559717
0.825,0.0,0.175,0.16596473364846592,0.46514681071110814,0.25722585436997336
0.825,0.025,0.15,0.16533892539476802,0.48935397161788274,0.2147696657640363
0.825,0.05,0.125,0.158150999366525,0.4818938271420897,0.21247586307322336
0.825,0.075,0.1,0.13634147705682836,0.47337072750313586,0.20443909787035278
0.825,0.1,0.075,0.13755690679581065,0.4711595937474261,0.19902047733455497
0.825,0.125,0.05,0.14377301492528294,0.47540440494230646,0.21951997795211262
0.825,0.15,0.025,0.15810242862211785,0.4884058912787416,0.25950189039894506
0.825,0.175,0.0,0.11281901044639647,0.45250380490694214,0.12915439394900088
0.85,0.0,0.15,0.16684722182704698,0.46890366877448875,0.2564306338083869
0.85,0.025,0.125,0.16533892539476802,0.48935397161788274,0.21296371087758256
0.85,0.05,0.1,0.1546239921825817,0.48138370312933154,0.2112470635460406
0.85,0.075,0.075,0.13874756458609155,0.4767838107281647,0.1997053470207411
0.85,0.1,0.05,0.14546937829067486,0.4742042590064502,0.22023031426712414
0.85,0.125,0.025,0.15812094726408116,0.4883744342524095,0.2587760958742326
0.85,0.15,0.0,0.1106093989177265,0.45254539536051874,0.1318212671226832
0.875,0.0,0.125,0.16618123550163888,0.4692744186646237,0.2575653384797201
0.875,0.025,0.1,0.16525479729750125,0.48905799349346846,0.21923566471777176
0.875,0.05,0.075,0.15669177799852974,0.48675711077567835,0.20425417245522653
0.875,0.075,0.05,0.14653411784270198,0.4756258317846875,0.21516774054627952
0.875,0.1,0.025,0.1584448368057922,0.4883744342524095,0.26342726124254173
0.875,0.125,0.0,0.11075272823562418,0.45345889104992176,0.12738976986471207
0.9,0.0,0.1,0.1602169611066814,0.4684212659247342,0.25144028467856644
0.9,0.025,0.075,0.16522942540744143,0.4893380704761674,0.219803148255428
0.9,0.05,0.05,0.15585244907203266,0.4840614837406128,0.22514890378694205
0.9,0.075,0.025,0.15860549409010316,0.48901952505653135,0.26868843989443436
0.9,0.1,0.0,0.11090042970478925,0.4584876894045869,0.15172847025430744
0.925,0.0,0.075,0.16279859907110336,0.4704766913072269,0.2550448339501447
0.925,0.025,0.05,0.16365138663130172,0.4859473632500316,0.23809677225978643
0.925,0.05,0.025,0.16054233299702872,0.4900381681621468,0.25504718833801654
0.925,0.075,0.0,0.11372761006401812,0.4666344227542728,0.16902631473721239
0.95,0.0,0.05,0.17265594121767958,0.4749178308150514,0.2613205291243057
0.95,0.025,0.025,0.16932055359118028,0.4915640729306686,0.2691015465488377
0.95,0.05,0.0,0.13792228352637179,0.47994795739861495,0.1804884001544335
0.975,0.0,0.025,0.1663054372186144,0.48655971501241735,0.24860770810636304
0.975,0.025,0.0,0.155258711918685,0.4883383329193983,0.21161460002880048
1.0,0.0,0.0,0.09324162662260195,0.4299131170864452,0.2037026020286862
