,overall_composition,Na2O at %,Fe2O3 at %,P2O5 at %,Na2O wt %,Fe2O3 wt %
0,P2O5,0.0,0.0,100.0,0.0,0.0
1,Fe0.05O4.95P1.95,0.0,2.5,97.5,0.0,2.803748736168227
2,Fe0.1O4.9P1.9,0.0,5.0,95.0,0.0,5.590082288437078
3,Fe0.15O4.85P1.85,0.0,7.5,92.5,0.0,8.359162413254403
4,Fe0.2O4.8P1.8,0.0,10.0,90.0,0.0,11.11114887000701
5,Fe0.25O4.75P1.75,0.0,12.5,87.5,0.0,13.846199451745708
6,Fe0.3O4.7P1.7,0.0,15.0,85.0,0.0,16.56447001534487
7,Fe0.35O4.65P1.65,0.0,17.5,82.5,0.0,19.26611451110857
8,Fe0.4O4.6P1.6,0.0,20.0,80.0,0.0,21.951285011835104
9,Fe0.45O4.55P1.55,0.0,22.5,77.5,0.0,24.620131741351518
10,Fe0.5O4.5P1.5,0.0,25.0,75.0,0.0,27.272803102529203
11,Fe0.55O4.45P1.45,0.0,27.500000000000004,72.5,0.0,29.909445704791757
12,Fe0.6O4.4P1.4,0.0,30.0,70.0,0.0,32.53020439112556
13,Fe0.65O4.35P1.35,0.0,32.5,67.5,0.0,35.13522226460379
14,Fe0.7O4.3P1.3,0.0,35.0,65.0,0.0,37.72464071443388
15,Fe0.75O4.25P1.25,0.0,37.5,62.5,0.0,40.298599441538414
16,Fe0.8O4.2P1.2,0.0,40.0,60.0,0.0,42.85723648367926
17,Fe0.85O4.15P1.15,0.0,42.5,57.49999999999999,0.0,45.400688240134365
18,Fe0.9O4.1P1.1,0.0,45.0,55.00000000000001,0.0,47.92908949593642
19,Fe0.95O4.05P1.05,0.0,47.5,52.5,0.0,50.44257344568264
20,Fe1O4P1,0.0,50.0,50.0,0.0,52.94127171692418
21,Fe1.05O3.95P0.95,0.0,52.5,47.5,0.0,55.42531439314421
22,Fe1.1O3.9P0.9,0.0,55.00000000000001,45.0,0.0,57.89483003633261
23,Fe1.15O3.85P0.85,0.0,57.49999999999999,42.5,0.0,60.34994570916597
24,Fe1.2O3.8P0.8,0.0,60.0,40.0,0.0,62.79078699680062
25,Fe1.25O3.75P0.75,0.0,62.5,37.5,0.0,65.2174780282866
26,Fe1.3O3.7P0.7,0.0,65.0,35.0,0.0,67.63014149761042
27,Fe1.35O3.65P0.65,0.0,67.5,32.5,0.0,70.02889868437376
28,Fe1.4O3.6P0.6,0.0,70.0,30.0,0.0,72.41386947411581
29,Fe1.45O3.55P0.55,0.0,72.5,27.500000000000004,0.0,74.78517237828609
30,Fe1.5O3.5P0.5,0.0,75.0,25.0,0.0,77.142924553875
31,Fe1.55O3.45P0.45,0.0,77.5,22.5,0.0,79.48724182270858
32,Fe1.6O3.4P0.4,0.0,80.0,20.0,0.0,81.81823869041467
33,Fe1.65O3.35P0.35,0.0,82.5,17.5,0.0,84.1360283650664
34,Fe1.7O3.3P0.3,0.0,85.0,15.0,0.0,86.44072277550984
35,Fe1.75O3.25P0.25,0.0,87.5,12.5,0.0,88.73243258938186
36,Fe1.8O3.2P0.2,0.0,90.0,10.0,0.0,91.0112672308243
37,Fe1.85O3.15P0.15,0.0,92.5,7.5,0.0,93.27733489790032
38,Fe1.9O3.1P0.1,0.0,95.0,5.0,0.0,95.53074257971907
39,Fe1.95O3.05P0.05,0.0,97.5,2.5,0.0,97.77159607327388
40,Fe2O3,0.0,100.0,0.0,0.0,100.0
41,Na0.05O4.9P1.95,2.5,0.0,97.5,1.1071986911478249,0.0
42,Na0.05O4.85Fe0.05P1.9,2.5,2.5,95.0,1.1037002371797564,2.8436741304336466
43,Na0.05O4.8Fe0.1P1.85,2.5,5.0,92.5,1.100223821946947,5.669434353211629
44,Na0.05O4.75Fe0.15P1.8,2.5,7.5,90.0,1.096769237851643,8.477449411545749
45,Na0.05O4.7Fe0.2P1.75,2.5,10.0,87.5,1.0933362798952688,11.26788593593957
46,Na0.05O4.65Fe0.25P1.7,2.5,12.5,85.0,1.0899247456378751,14.040908477149802
47,Na0.05O4.6Fe0.3P1.65,2.5,15.0,82.5,1.086534435158344,16.79667953853252
48,Na0.05O4.55Fe0.35P1.6,2.5,17.5,80.0,1.0831651510153355,19.535359607787537
49,Na0.05O4.5Fe0.4P1.55,2.5,20.0,77.5,1.0798166982089583,22.25710718811404
50,Na0.05O4.45Fe0.45P1.5,2.5,22.5,75.0,1.0764888841431497,24.96207882879001
51,Na0.05O4.4Fe0.5P1.45,2.5,25.0,72.5,1.0731815185887463,27.65042915518807
52,Na0.05O4.35Fe0.55P1.4,2.5,27.500000000000004,70.0,1.0698944136472386,30.322310898239635
53,Na0.05O4.3Fe0.6P1.35,2.5,30.0,67.5,1.0666273837151832,32.97787492335917
54,Na0.05O4.25Fe0.65P1.3,2.5,32.5,65.0,1.0633802454492718,35.61727025884034
55,Na0.05O4.2Fe0.7P1.25,2.5,35.0,62.5,1.06015281773203,38.240644123734775
56,Na0.05O4.15Fe0.75P1.2,2.5,37.5,60.0,1.056944921638143,40.84814195522489
57,Na0.05O4.1Fe0.8P1.15,2.5,40.0,57.49999999999999,1.0537563804013903,43.43990743550116
58,Na0.05O4.05Fe0.85P1.1,2.5,42.5,55.00000000000001,1.0505870193821756,46.016082518154384
59,Na0.05O4Fe0.9P1.05,2.5,45.0,52.5,1.0474366660356411,48.576807454093135
60,Na0.05O3.95Fe0.95P1,2.5,47.5,50.0,1.0443051498803555,51.122220816996176
61,Na0.05O3.9Fe1P0.95,2.5,50.0,47.5,1.0411923024675598,53.65245952830986
62,Na0.05O3.85Fe1.05P0.9,2.5,52.5,45.0,1.0380979573509637,56.1676588817996
63,Na0.05O3.8Fe1.1P0.85,2.5,55.00000000000001,42.5,1.0350219500570772,58.66795256766495
64,Na0.05O3.75Fe1.15P0.8,2.5,57.49999999999999,40.0,1.031964118056068,61.153472696227205
65,Na0.05O3.7Fe1.2P0.75,2.5,60.0,37.5,1.0289243007331372,63.624349821198365
66,Na0.05O3.65Fe1.25P0.7,2.5,62.5,35.0,1.025902339360393,66.08071296253992
67,Na0.05O3.6Fe1.3P0.65,2.5,65.0,32.5,1.0228980770692266,68.52268962892025
68,Na0.05O3.55Fe1.35P0.6,2.5,67.5,30.0,1.019911358823165,70.9504058397783
69,Na0.05O3.5Fe1.4P0.55,2.5,70.0,27.500000000000004,1.0169420313912032,73.36398614700205
70,Na0.05O3.45Fe1.45P0.5,2.5,72.5,25.0,1.0139899433215962,75.76355365622938
71,Na0.05O3.4Fe1.5P0.45,2.5,75.0,22.5,1.0110549449161113,78.1492300477788
72,Na0.05O3.35Fe1.55P0.4,2.5,77.5,20.0,1.0081368882047212,80.52113559721806
73,Na0.05O3.3Fe1.6P0.35,2.5,80.0,17.5,1.0052356269207383,82.87938919557736
74,Na0.05O3.25Fe1.65P0.3,2.5,82.5,15.0,1.0023510164763747,85.22410836921448
75,Na0.05O3.2Fe1.7P0.25,2.5,85.0,12.5,0.9994829139387216,87.55540929933923
76,Na0.05O3.15Fe1.75P0.2,2.5,87.5,10.0,0.996631178006142,89.87340684120315
77,Na0.05O3.1Fe1.8P0.15,2.5,90.0,7.5,0.9937956689850634,92.17821454296202
78,Na0.05O3.05Fe1.85P0.1,2.5,92.5,5.0,0.9909762487671696,94.4699446642172
79,Na0.05O3.0Fe1.9P0.05,2.5,95.0,2.5,0.9881727808069756,96.74870819424208
80,Na0.05O2.95Fe1.95,2.5,97.5,0.0,0.9853851300997836,99.0146148699002
81,Na0.1O4.8P1.9,5.0,0.0,95.0,2.246488792870331,0.0
82,Na0.1O4.75Fe0.05P1.85,5.0,2.5,92.5,2.2392879444826224,2.8847530261425787
83,Na0.1O4.7Fe0.1P1.8,5.0,5.0,90.0,2.2321331114969927,5.7510716868810166
84,Na0.1O4.65Fe0.15P1.75,5.0,7.5,87.5,2.2250238542416385,8.59913212042856
85,Na0.1O4.6Fe0.2P1.7,5.0,10.0,85.0,2.217959738628322,11.429108228149277
86,Na0.1O4.55Fe0.25P1.65,5.0,12.5,82.5,2.2109403360640183,14.24117170995394
87,Na0.1O4.5Fe0.3P1.6,5.0,15.0,80.0,2.2039652233642326,17.03549209902598
88,Na0.1O4.45Fe0.35P1.55,5.0,17.5,77.5,2.197033982667956,19.81223679589213
89,Na0.1O4.4Fe0.4P1.5,5.0,20.0,75.0,2.190146201354214,22.571571101852182
90,Na0.1O4.35Fe0.45P1.45,5.0,22.5,72.5,2.183301471960193,25.31365825178197
91,Na0.1O4.3Fe0.5P1.4,5.0,25.0,70.0,2.1764993921008804,28.038659446323035
92,Na0.1O4.25Fe0.55P1.35,5.0,27.500000000000004,67.5,2.1697395643902144,30.74673388347256
93,Na0.1O4.2Fe0.6P1.3,5.0,30.0,65.0,2.163021596363698,33.43803878958641
94,Na0.1O4.15Fe0.65P1.25,5.0,32.5,62.5,2.156345100402437,36.11272944980794
95,Na0.1O4.1Fe0.7P1.2,5.0,35.0,60.0,2.1497096936585915,38.770959237935074
96,Na0.1O4.05Fe0.75P1.15,5.0,37.5,57.49999999999999,2.1431149979821926,41.41287964573768
97,Na0.1O4Fe0.8P1.1,5.0,40.0,55.00000000000001,2.1365606398493044,44.03864031173673
98,Na0.1O3.95Fe0.85P1.05,5.0,42.5,52.5,2.1300462502915027,46.64838904945739
99,Na0.1O3.9Fe0.9P1,5.0,45.0,50.0,2.123571464826631,49.24227187516637
100,Na0.1O3.85Fe0.95P0.95,5.0,47.5,47.5,2.117135923390828,51.82043303510524
101,Na0.1O3.8Fe1P0.9,5.0,50.0,45.0,2.110739270271776,54.38301503222992
102,Na0.1O3.75Fe1.05P0.85,5.0,52.5,42.5,2.104381154043167,56.9301586524669
103,Na0.1O3.7Fe1.1P0.8,5.0,55.00000000000001,40.0,2.0980612275003363,59.46200299049637
104,Na0.1O3.65Fe1.15P0.75,5.0,57.49999999999999,37.5,2.0917791475970646,61.978685475072126
105,Na0.1O3.6Fe1.2P0.7,5.0,60.0,35.0,2.0855345753835053,64.48034189388794
106,Na0.1O3.55Fe1.25P0.65,5.0,62.5,32.5,2.079327175945221,66.96710641799987
107,Na0.1O3.5Fe1.3P0.6,5.0,65.0,30.0,2.073156618343312,69.43911162581381
108,Na0.1O3.45Fe1.35P0.55,5.0,67.5,27.500000000000004,2.067022575555594,71.89648852664695
109,Na0.1O3.4Fe1.4P0.5,5.0,70.0,25.0,2.060924724418832,74.33936658387246
110,Na0.1O3.35Fe1.45P0.45,5.0,72.5,22.5,2.054862745571983,76.7678737376556
111,Na0.1O3.3Fe1.5P0.4,5.0,75.0,20.0,2.0488363234004447,79.18213642728965
112,Na0.1O3.25Fe1.55P0.35,5.0,77.5,17.5,2.0428451459812766,81.58227961314013
113,Na0.1O3.2Fe1.6P0.3,5.0,80.0,15.0,2.036888905029382,83.96842679820503
114,Na0.1O3.15Fe1.65P0.25,5.0,82.5,12.5,2.030967295844631,86.34070004929903
115,Na0.1O3.1Fe1.7P0.2,5.0,85.0,10.0,2.025080017259896,88.69922001786908
116,Na0.1O3.05Fe1.75P0.15,5.0,87.5,7.5,2.01922677159,91.0441059604493
117,Na0.1O3Fe1.8P0.1,5.0,90.0,5.0,2.0134072645815326,93.37547575876197
118,Na0.1O2.95Fe1.85P0.05,5.0,92.5,2.5,2.007621205363547,95.69344593947176
119,Na0.1O2.9Fe1.9,5.0,95.0,0.0,2.001868306399095,97.9981316936009
120,Na0.15O4.7P1.85,7.5,0.0,92.5,3.4192860442701285,0.0
121,Na0.15O4.65Fe0.05P1.8,7.5,2.5,90.0,3.4081652887752703,2.9270361454595126
122,Na0.15O4.6Fe0.1P1.75,7.5,5.0,87.5,3.3971166362174663,5.835094452313705
123,Na0.15O4.55Fe0.15P1.7,7.5,7.5,85.0,3.386139387628783,8.724358892272429
124,Na0.15O4.5Fe0.2P1.65,7.5,10.0,82.5,3.3752328530466107,11.595011066801932
125,Na0.15O4.45Fe0.25P1.6,7.5,12.5,80.0,3.364396351369093,14.447230245174277
126,Na0.15O4.4Fe0.3P1.55,7.5,15.0,77.5,3.353629210213354,17.281193401786197
127,Na0.15O4.35Fe0.35P1.5,7.5,17.5,75.0,3.3429307657764094,20.097075252763595
128,Na0.15O4.3Fe0.4P1.45,7.5,20.0,72.5,3.3323003626987613,22.895048291867678
129,Na0.15O4.25Fe0.45P1.4,7.5,22.5,70.0,3.3217373539305663,25.6752828257181
130,Na0.15O4.2Fe0.5P1.35,7.5,25.0,67.5,3.3112411006003533,28.43794700834845
131,Na0.15O4.15Fe0.55P1.3,7.5,27.500000000000004,65.0,3.300810971886213,31.18320687510851
132,Na0.15O4.1Fe0.6P1.25,7.5,30.0,62.5,3.290446344889421,33.91122637592784
133,Na0.15O4.05Fe0.65P1.2,7.5,32.5,60.0,3.2801466045104326,36.6221674079547
134,Na0.15O4Fe0.7P1.15,7.5,35.0,57.49999999999999,3.2699111433271986,39.31618984758377
135,Na0.15O3.95Fe0.75P1.1,7.5,37.5,55.00000000000001,3.2597393614757504,41.99345158188619
136,Na0.15O3.9Fe0.8P1.05,7.5,40.0,52.5,3.249630666533014,44.654108539454775
137,Na0.15O3.85Fe0.85P1,7.5,42.5,50.0,3.2395844734017887,47.298314720677006
138,Na0.15O3.8Fe0.9P0.95,7.5,45.0,47.5,3.229600204197857,49.92622222744838
139,Na0.15O3.75Fe0.95P0.9,7.5,47.5,45.0,3.2196772881391778,52.53798129233782
140,Na0.15O3.7Fe1P0.85,7.5,50.0,42.5,3.209815161437112,55.13374030721724
141,Na0.15O3.65Fe1.05P0.8,7.5,52.5,40.0,3.200013267189644,57.71364585136634
142,Na0.15O3.6Fe1.1P0.75,7.5,55.00000000000001,37.5,3.1902710552765514,60.27784271906429
143,Na0.15O3.55Fe1.15P0.7,7.5,57.49999999999999,35.0,3.180587982256486,62.826473946678654
144,Na0.15O3.5Fe1.2P0.65,7.5,60.0,32.5,3.170963511265919,65.35968083926272
145,Na0.15O3.45Fe1.25P0.6,7.5,62.5,30.0,3.161397111919924,67.87760299667126
146,Na0.15O3.4Fe1.3P0.55,7.5,65.0,27.500000000000004,3.151888260214744,70.380378339205
147,Na0.15O3.35Fe1.35P0.5,7.5,67.5,25.0,3.1424364384321084,72.86814313279373
148,Na0.15O3.3Fe1.4P0.45,7.5,70.0,22.5,3.133041135045276,75.34103201372753
149,Na0.15O3.25Fe1.45P0.4,7.5,72.5,20.0,3.123701844626749,77.79917801294592
150,Na0.15O3.2Fe1.5P0.35,7.5,75.0,17.5,3.1144180677576427,80.24271257989352
151,Na0.15O3.15Fe1.55P0.3,7.5,77.5,15.0,3.1051893109386524,82.6717656059519
152,Na0.15O3.1Fe1.6P0.25,7.5,80.0,12.5,3.0960150865026157,85.08646544745592
153,Na0.15O3.05Fe1.65P0.2,7.5,82.5,10.0,3.0868949125286056,87.48693894830319
154,Na0.15O3Fe1.7P0.15,7.5,85.0,7.5,3.0778283127575445,89.87331146216518
155,Na0.15O2.95Fe1.75P0.1,7.5,87.5,5.0,3.0688148165093043,92.24570687430813
156,Na0.15O2.9Fe1.8P0.05,7.5,90.0,2.5,3.0598539586012463,94.60424762303144
157,Na0.15O2.85Fe1.85,7.5,92.5,0.0,3.0509452792682006,96.9490547207318
158,Na0.2O4.6P1.8,10.0,0.0,90.0,4.627090702647455,0.0
159,Na0.2O4.55Fe0.05P1.75,10.0,2.5,87.5,4.611817868574831,2.9705772286161887
160,Na0.2O4.5Fe0.1P1.7,10.0,5.0,85.0,4.596645526184413,5.921608752655943
161,Na0.2O4.45Fe0.15P1.65,10.0,7.5,82.5,4.581572686910759,8.853286848810097
162,Na0.2O4.4Fe0.2P1.6,10.0,10.0,80.0,4.566598375112447,11.765801280037788
163,Na0.2O4.35Fe0.25P1.55,10.0,12.5,77.5,4.551721627861565,14.659339336511763
164,Na0.2O4.3Fe0.3P1.5,10.0,15.0,75.0,4.536941494737293,17.534085875765946
165,Na0.2O4.25Fe0.35P1.45,10.0,17.5,72.5,4.5222570376235005,20.390223362063345
166,Na0.2O4.2Fe0.4P1.4,10.0,20.0,70.0,4.5076673305102615,23.227931905001917
167,Na0.2O4.15Fe0.45P1.35,10.0,22.5,67.5,4.493171459299193,26.0473892973755
168,Na0.2O4.1Fe0.5P1.3,10.0,25.0,65.0,4.478768521612542,28.84877105230664
169,Na0.2O4.05Fe0.55P1.25,10.0,27.500000000000004,62.5,4.46445762660594,31.632250439667427
170,Na0.2O4Fe0.6P1.2,10.0,30.0,60.0,4.450237894784716,34.39799852180434
171,Na0.2O3.95Fe0.65P1.15,10.0,32.5,57.49999999999999,4.436108457823733,37.146184188582616
172,Na0.2O3.9Fe0.7P1.1,10.0,35.0,55.00000000000001,4.422068458390621,39.87697419176495
173,Na0.2O3.85Fe0.75P1.05,10.0,37.5,52.5,4.408117049972383,42.590533178739705
174,Na0.2O3.8Fe0.8P1,10.0,40.0,50.0,4.394253396705246,45.2870237256123
175,Na0.2O3.75Fe0.85P0.95,10.0,42.5,47.5,4.380476673207737,47.966606369674494
176,Na0.2O3.7Fe0.9P0.9,10.0,45.0,45.0,4.366786064416864,50.62943964126448
177,Na0.2O3.65Fe0.95P0.85,10.0,47.5,42.5,4.35318076542739,53.27568009503162
178,Na0.2O3.6Fe1P0.8,10.0,50.0,40.0,4.339659981334066,55.9054823406184
179,Na0.2O3.55Fe1.05P0.75,10.0,52.5,37.5,4.326222927076834,58.51899907277247
180,Na0.2O3.5Fe1.1P0.7,10.0,55.00000000000001,35.0,4.312868827288861,61.11638110090088
181,Na0.2O3.45Fe1.15P0.65,10.0,57.49999999999999,32.5,4.299596916147405,63.69777737807871
182,Na0.2O3.4Fe1.2P0.6,10.0,60.0,30.0,4.286406437227413,66.26333502952379
183,Na0.2O3.35Fe1.25P0.55,10.0,62.5,27.500000000000004,4.273296643357806,68.81319938054877
184,Na0.2O3.3Fe1.3P0.5,10.0,65.0,25.0,4.260266796480405,71.34751398400189
185,Na0.2O3.25Fe1.35P0.45,10.0,67.5,22.5,4.247316167511407,73.86642064720714
186,Na0.2O3.2Fe1.4P0.4,10.0,70.0,20.0,4.234444036205408,76.37005945841476
187,Na0.2O3.15Fe1.45P0.35,10.0,72.5,17.5,4.221649691021871,78.85856881277205
188,Na0.2O3.1Fe1.5P0.3,10.0,75.0,15.0,4.208932428994011,81.33208543782474
189,Na0.2O3.05Fe1.55P0.25,10.0,77.5,12.5,4.19629155560005,83.790744418559
190,Na0.2O3Fe1.6P0.2,10.0,80.0,10.0,4.1837263846367785,86.2346792219934
191,Na0.2O2.95Fe1.65P0.15,10.0,82.5,7.5,4.171236238095384,88.66402172133037
192,Na0.2O2.9Fe1.7P0.1,10.0,85.0,5.0,4.158820446039495,91.07890221967644
193,Na0.2O2.85Fe1.75P0.05,10.0,87.5,2.5,4.146478346485403,93.47944947334004
194,Na0.2O2.8Fe1.8,10.0,90.0,0.0,4.134209285284404,95.8657907147156
195,Na0.25O4.5P1.75,12.5,0.0,87.5,5.871493946121726,0.0
196,Na0.25O4.45Fe0.05P1.7,12.5,2.5,85.0,5.85182101318302,3.0154332617772823
197,Na0.25O4.4Fe0.1P1.65,12.5,5.0,82.5,5.832279471630217,6.010727078328206
198,Na0.25O4.35Fe0.15P1.6,12.5,7.5,80.0,5.81286800954115,8.986082538821803
199,Na0.25O4.3Fe0.2P1.55,12.5,10.0,77.5,5.793585332401494,11.941698064183129
200,Na0.25O4.25Fe0.25P1.5,12.5,12.5,75.0,5.7744301628169925,14.877769451202946
201,Na0.25O4.2Fe0.3P1.45,12.5,15.0,72.5,5.755401240231366,17.794489915775305
202,Na0.25O4.15Fe0.35P1.4,12.5,17.5,70.0,5.736497320649795,20.692050135282987
203,Na0.25O4.1Fe0.4P1.35,12.5,20.0,67.5,5.717717176367814,23.570638290150384
204,Na0.25O4.05Fe0.45P1.3,12.5,22.5,65.0,5.699059595705538,26.430440104582864
205,Na0.25O4Fe0.5P1.25,12.5,25.0,62.5,5.680523382747053,29.27163888651106
206,Na0.25O3.95Fe0.55P1.2,12.5,27.500000000000004,60.0,5.662107357084886,32.094415566758194
207,Na0.25O3.9Fe0.6P1.15,12.5,30.0,57.49999999999999,5.643810353569433,34.898948737447995
208,Na0.25O3.85Fe0.65P1.1,12.5,32.5,55.00000000000001,5.62563122206322,37.685414689670296
209,Na0.25O3.8Fe0.7P1.05,12.5,35.0,52.5,5.607568827199912,40.45398745042112
210,Na0.25O3.75Fe0.75P1,12.5,37.5,50.0,5.589622048147929,43.20483881883323
211,Na0.25O3.7Fe0.8P0.95,12.5,40.0,47.5,5.571789778378608,45.93813840171342
212,Na0.25O3.65Fe0.85P0.9,12.5,42.5,45.0,5.554070925438779,48.65405364840149
213,Na0.25O3.6Fe0.9P0.85,12.5,45.0,42.5,5.53646441072766,51.35274988496639
214,Na0.25O3.55Fe0.95P0.8,12.5,47.5,40.0,5.518969169277997,54.03439034775388
215,Na0.25O3.5Fe1P0.75,12.5,50.0,37.5,5.501584149541329,56.69913621630022
216,Na0.25O3.45Fe1.05P0.7,12.5,52.5,35.0,5.484308313177301,59.34714664562564
217,Na0.25O3.4Fe1.1P0.65,12.5,55.00000000000001,32.5,5.467140634846939,61.978578797921344
218,Na0.25O3.35Fe1.15P0.6,12.5,57.49999999999999,30.0,5.45008010200979,64.59358787364322
219,Na0.25O3.3Fe1.2P0.55,12.5,60.0,27.500000000000004,5.43312571472485,67.19232714202518
220,Na0.25O3.25Fe1.25P0.5,12.5,62.5,25.0,5.416276485455201,69.7749479710247
221,Na0.25O3.2Fe1.3P0.45,12.5,65.0,22.5,5.399531438876261,72.34159985671289
222,Na0.25O3.15Fe1.35P0.4,12.5,67.5,20.0,5.382889611687592,74.89243045212113
223,Na0.25O3.1Fe1.4P0.35,12.5,70.0,17.5,5.366350052428168,77.4275855955558
224,Na0.25O3.05Fe1.45P0.3,12.5,72.5,15.0,5.349911821295045,79.94720933839268
225,Na0.25O3Fe1.5P0.25,12.5,75.0,12.5,5.333573989965352,82.45144397236206
226,Na0.25O2.95Fe1.55P0.2,12.5,77.5,10.0,5.31733564142153,84.94043005633536
227,Na0.25O2.9Fe1.6P0.15,12.5,80.0,7.5,5.301195869779752,87.41430644262397
228,Na0.25O2.85Fe1.65P0.1,12.5,82.5,5.0,5.285153780121476,89.87321030280067
229,Na0.25O2.8Fe1.7P0.05,12.5,85.0,2.5,5.269208488328018,92.31727715305344
230,Na0.25O2.75Fe1.75,12.5,87.5,0.0,5.253359120918139,94.74664087908188
231,Na0.3O4.4P1.7,15.0,0.0,85.0,7.154184867238772,0.0
232,Na0.3O4.35Fe0.05P1.65,15.0,2.5,82.5,7.129846661275691,3.0616647258673884
233,Na0.3O4.3Fe0.1P1.6,15.0,5.0,80.0,7.1056734887779776,6.102568795001295
234,Na0.3O4.25Fe0.15P1.55,15.0,7.5,77.5,7.081663676819426,9.122922655910967
235,Na0.3O4.2Fe0.2P1.5,15.0,10.0,75.0,7.057815575008708,12.122933922292992
236,Na0.3O4.15Fe0.25P1.45,15.0,12.5,72.5,7.034127555111214,15.102807420603428
237,Na0.3O4.1Fe0.3P1.4,15.0,15.0,70.0,7.010598010678469,18.062745236675205
238,Na0.3O4.05Fe0.35P1.35,15.0,17.5,67.5,6.987225356684972,21.00294676140295
239,Na0.3O4Fe0.4P1.3,15.0,20.0,65.0,6.964008029172278,23.923608735517064
240,Na0.3O3.95Fe0.45P1.25,15.0,22.5,62.5,6.9409444849001325,26.824925293468016
241,Na0.3O3.9Fe0.5P1.2,15.0,25.0,60.0,6.918033201004542,29.707088006441584
242,Na0.3O3.85Fe0.55P1.15,15.0,27.500000000000004,57.49999999999999,6.895272674662575,32.57028592452492
243,Na0.3O3.8Fe0.6P1.1,15.0,30.0,55.00000000000001,6.872661422763766,35.41470561804292
244,Na0.3O3.75Fe0.65P1.05,15.0,32.5,52.5,6.8501979815879634,38.24053121808414
245,Na0.3O3.7Fe0.7P1,15.0,35.0,50.0,6.827880906489475,41.047944456234255
246,Na0.3O3.65Fe0.75P0.95,15.0,37.5,47.5,6.80570877158736,43.8371247035356
247,Na0.3O3.6Fe0.8P0.9,15.0,40.0,45.0,6.783680169461751,46.60824900869
248,Na0.3O3.55Fe0.85P0.85,15.0,42.5,42.5,6.761793710856034,49.361492135522006
249,Na0.3O3.5Fe0.9P0.8,15.0,45.0,40.0,6.740048024384802,52.09702659971942
250,Na0.3O3.45Fe0.95P0.75,15.0,47.5,37.5,6.718441756247396,54.81502270486695
251,Na0.3O3.4Fe1P0.7,15.0,50.0,35.0,6.696973569946955,57.515648577789136
252,Na0.3O3.35Fe1.05P0.65,15.0,52.5,32.5,6.675642146014843,60.19907020321785
253,Na0.3O3.3Fe1.1P0.6,15.0,55.00000000000001,30.0,6.654446181740305,62.86545145779924
254,Na0.3O3.25Fe1.15P0.55,15.0,57.49999999999999,27.500000000000004,6.633384390905269,65.5149541434549
255,Na0.3O3.2Fe1.2P0.5,15.0,60.0,25.0,6.612455503524174,68.14773802011165
256,Na0.3O3.15Fe1.25P0.45,15.0,62.5,22.5,6.591658265588691,70.76396083781341
257,Na0.3O3.1Fe1.3P0.4,15.0,65.0,20.0,6.570991438817265,73.36377836822922
258,Na0.3O3.05Fe1.35P0.35,15.0,67.5,17.5,6.550453800409336,75.94734443557027
259,Na0.3O3.0Fe1.4P0.3,15.0,70.0,15.0,6.530044142804174,78.51481094692897
260,Na0.3O2.95Fe1.45P0.25,15.0,72.5,12.5,6.509761273444183,81.06632792205262
261,Na0.3O2.9Fe1.5P0.2,15.0,75.0,10.0,6.489604014542636,83.60204352256395
262,Na0.3O2.85Fe1.55P0.15,15.0,77.5,7.5,6.469571202855678,86.12210408064036
263,Na0.3O2.8Fe1.6P0.1,15.0,80.0,5.0,6.449661689458564,88.62665412716373
264,Na0.3O2.75Fe1.65P0.05,15.0,82.5,2.5,6.429874339525998,91.11583641935196
265,Na0.3O2.7Fe1.7,15.0,85.0,0.0,6.410208032116518,93.58979196788349
266,Na0.35O4.3P1.65,17.5,0.0,82.5,8.476958122200017,0.0
267,Na0.35O4.25Fe0.05P1.6,17.5,2.5,80.0,8.447670882104005,3.1093358686439214
268,Na0.35O4.2Fe0.1P1.55,17.5,5.0,77.5,8.418585315577449,6.197260677003183
269,Na0.35O4.15Fe0.15P1.5,17.5,7.5,75.0,8.389699346664745,9.26399482287572
270,Na0.35O4.1Fe0.2P1.45,17.5,10.0,72.5,8.36101092780505,12.309755689475008
271,Na0.35O4.05Fe0.25P1.4,17.5,12.5,70.0,8.332518039348468,15.334757696795965
272,Na0.35O4Fe0.3P1.35,17.5,15.0,67.5,8.304218689082074,18.339212351934187
273,Na0.35O3.95Fe0.35P1.3,17.5,17.5,65.0,8.276110911765594,21.323328298383277
274,Na0.35O3.9Fe0.4P1.25,17.5,20.0,62.5,8.248192768676446,24.287311364334315
275,Na0.35O3.85Fe0.45P1.2,17.5,22.5,60.0,8.220462347163993,27.231364610001147
276,Na0.35O3.8Fe0.5P1.15,17.5,25.0,57.49999999999999,8.192917760212731,30.155688373994145
277,Na0.35O3.75Fe0.55P1.1,17.5,27.500000000000004,55.00000000000001,8.165557146014251,33.06048031876478
278,Na0.35O3.7Fe0.6P1.05,17.5,30.0,52.5,8.138378667547734,35.94593547514268
279,Na0.35O3.65Fe0.65P1,17.5,32.5,50.0,8.111380512168791,38.81224628598613
280,Na0.35O3.6Fe0.7P0.95,17.5,35.0,47.5,8.08456089120649,41.65960264896669
281,Na0.35O3.55Fe0.75P0.9,17.5,37.5,45.0,8.057918039568312,44.488191958507805
282,Na0.35O3.5Fe0.8P0.85,17.5,40.0,42.5,8.031450215352926,47.29819914689682
283,Na0.35O3.45Fe0.85P0.8,17.5,42.5,40.0,8.005155699470539,50.0898067245895
284,Na0.35O3.4Fe0.9P0.75,17.5,45.0,37.5,7.979032795270714,52.86319481972536
285,Na0.35O3.35Fe0.95P0.7,17.5,47.5,35.0,7.953079828177421,55.6185412168718
286,Na0.35O3.3Fe1P0.65,17.5,50.0,32.5,7.927295145331207,58.35602139501458
287,Na0.35O3.25Fe1.05P0.6,17.5,52.5,30.0,7.901677115238293,61.075808564811695
288,Na0.35O3.2Fe1.1P0.55,17.5,55.00000000000001,27.500000000000004,7.876224127426455,63.778073705127234
289,Na0.35O3.15Fe1.15P0.5,17.5,57.49999999999999,25.0,7.850934592107543,66.46298559886128
290,Na0.35O3.1Fe1.2P0.45,17.5,60.0,22.5,7.825806939846474,69.13071086809202
291,Na0.35O3.05Fe1.25P0.4,17.5,62.5,20.0,7.800839621236551,71.78141400854483
292,Na0.35O3Fe1.3P0.35,17.5,65.0,17.5,7.776031106581001,74.41525742340389
293,Na0.35O2.95Fe1.35P0.3,17.5,67.5,15.0,7.751379885580553,77.03240145648056
294,Na0.35O2.9Fe1.4P0.25,17.5,70.0,12.5,7.7268844670269425,79.63300442475287
295,Na0.35O2.85Fe1.45P0.2,17.5,72.5,10.0,7.702543378502208,82.21722265029
296,Na0.35O2.8Fe1.5P0.15,17.5,75.0,7.5,7.678355166083663,84.78521049157516
297,Na0.35O2.75Fe1.55P0.1,17.5,77.5,5.0,7.6543183940544015,87.33712037424037
298,Na0.35O2.7Fe1.6P0.05,17.5,80.0,2.5,7.630431644619218,89.8731028212254
299,Na0.35O2.65Fe1.65,17.5,82.5,0.0,7.60669351762585,92.39330648237414
300,Na0.4O4.2P1.6,20.0,0.0,80.0,9.841722308557232,0.0
301,Na0.4O4.15Fe0.05P1.55,20.0,2.5,77.5,9.807182110454784,3.1585150025896263
302,Na0.4O4.1Fe0.1P1.5,20.0,5.0,75.0,9.772883506838944,6.2949374911689295
303,Na0.4O4.05Fe0.15P1.45,20.0,7.5,72.5,9.738823971762518,9.409498449998184
304,Na0.4O4Fe0.2P1.4,20.0,10.0,70.0,9.705001014368795,12.502425654502265
305,Na0.4O3.95Fe0.25P1.35,20.0,12.5,67.5,9.671412178284305,15.573943726799232
306,Na0.4O3.9Fe0.3P1.3,20.0,15.0,65.0,9.638055041024147,18.62427419007987
307,Na0.4O3.85Fe0.35P1.25,20.0,17.5,62.5,9.60492721340959,21.65363552186564
308,Na0.4O3.8Fe0.4P1.2,20.0,20.0,60.0,9.572026338997633,24.662243206172157
309,Na0.4O3.75Fe0.45P1.15,20.0,22.5,57.49999999999999,9.53935009352223,27.650309784604133
310,Na0.4O3.7Fe0.5P1.1,20.0,25.0,55.00000000000001,9.50689618434699,30.61804490640745
311,Na0.4O3.65Fe0.55P1.05,20.0,27.500000000000004,52.5,9.474662349928913,33.56565537750292
312,Na0.4O3.6Fe0.6P1,20.0,30.0,50.0,9.442646359293072,36.49334520852589
313,Na0.4O3.55Fe0.65P0.95,20.0,32.5,47.5,9.410846011517902,39.40131566189521
314,Na0.4O3.5Fe0.7P0.9,20.0,35.0,45.0,9.379259135230807,42.289765297934245
315,Na0.4O3.45Fe0.75P0.85,20.0,37.5,42.5,9.347883588113945,45.158890020066224
316,Na0.4O3.4Fe0.8P0.8,20.0,40.0,40.0,9.316717256419867,48.00888311910538
317,Na0.4O3.35Fe0.85P0.75,20.0,42.5,37.5,9.285758054496837,50.8399353166652
318,Na0.4O3.3Fe0.9P0.7,20.0,45.0,35.0,9.255003924323558,53.65223480770388
319,Na0.4O3.25Fe0.95P0.65,20.0,47.5,32.5,9.224452835053135,56.44596730222729
320,Na0.4O3.2Fe1P0.6,20.0,50.0,30.0,9.194102782566024,59.22131606616853
321,Na0.4O3.15Fe1.05P0.55,20.0,52.5,27.500000000000004,9.1639517890318,61.978461961463246
322,Na0.4O3.1Fe1.1P0.5,20.0,55.00000000000001,25.0,9.133997902479488,64.71758348533895
323,Na0.4O3.05Fe1.15P0.45,20.0,57.49999999999999,22.5,9.104239196376325,67.4388568088362
324,Na0.4O3Fe1.2P0.4,20.0,60.0,20.0,9.0746737692147,70.14245581457942
325,Na0.4O2.95Fe1.25P0.35,20.0,62.5,17.5,9.045299744107156,72.82855213381397
326,Na0.4O2.9Fe1.3P0.3,20.0,65.0,15.0,9.016115268389182,75.49731518272637
327,Na0.4O2.85Fe1.35P0.25,20.0,67.5,12.5,8.987118513229712,78.14891219806346
328,Na0.4O2.8Fe1.4P0.2,20.0,70.0,10.0,8.958307673249092,80.78350827206668
329,Na0.4O2.75Fe1.45P0.15,20.0,72.5,7.5,8.929680966144375,83.4012663867364
330,Na0.4O2.7Fe1.5P0.1,20.0,75.0,5.0,8.901236632321798,86.00234744744128
331,Na0.4O2.65Fe1.55P0.05,20.0,77.5,2.5,8.872972934536229,88.58691031588765
332,Na0.4O2.6Fe1.6,20.0,80.0,0.0,8.844888157537488,91.1551118424625
333,Na0.45O4.1P1.55,22.5,0.0,77.5,11.250509153615235,0.0
334,Na0.45O4.05Fe0.05P1.5,22.5,2.5,75.0,11.2103901756647,3.2092748315293003
335,Na0.45O4Fe0.1P1.45,22.5,5.0,72.5,11.170556307164771,6.395742636788137
336,Na0.45O3.95Fe0.15P1.4,22.5,7.5,70.0,11.131004519639138,9.55964567550799
337,Na0.45O3.9Fe0.2P1.35,22.5,10.0,67.5,11.091731827352053,12.701222788432627
338,Na0.45O3.85Fe0.25P1.3,22.5,12.5,65.0,11.052735286557049,15.82070945742088
339,Na0.45O3.8Fe0.3P1.25,22.5,15.0,62.5,11.01401199476133,18.9183378642859
340,Na0.45O3.75Fe0.35P1.2,22.5,17.5,60.0,10.975559090005676,21.994336948402
341,Na0.45O3.7Fe0.4P1.15,22.5,20.0,57.49999999999999,10.937373750159312,25.048932463108866
342,Na0.45O3.65Fe0.45P1.1,22.5,22.5,55.00000000000001,10.899453192229483,28.08234703094245
343,Na0.45O3.6Fe0.5P1.05,22.5,25.0,52.5,10.861794671685328,31.09480019772096
344,Na0.45O3.55Fe0.55P1,22.5,27.500000000000004,50.0,10.824395481795698,34.08650848551337
345,Na0.45O3.5Fe0.6P0.95,22.5,30.0,47.5,10.78725295298067,37.05768544451751
346,Na0.45O3.45Fe0.65P0.9,22.5,32.5,45.0,10.750364452176305,40.00854170387368
347,Na0.45O3.4Fe0.7P0.85,22.5,35.0,42.5,10.713727382212417,42.9392850214392
348,Na0.45O3.35Fe0.75P0.8,22.5,37.5,40.0,10.677339181203036,45.85012033254871
349,Na0.45O3.3Fe0.8P0.75,22.5,40.0,37.5,10.641197321949228,48.74124979778414
350,Na0.45O3.25Fe0.85P0.7,22.5,42.5,35.0,10.60529931135402,51.61287284977769
351,Na0.45O3.2Fe0.9P0.65,22.5,45.0,32.5,10.569642689849116,54.4651862390708
352,Na0.45O3.15Fe0.95P0.6,22.5,47.5,30.0,10.534225030833136,57.29838407905103
353,Na0.45O3.1Fe1P0.55,22.5,50.0,27.500000000000004,10.49904394012114,60.11265788998846
354,Na0.45O3.05Fe1.05P0.5,22.5,52.5,25.0,10.464097055405098,62.90819664219271
355,Na0.45O3Fe1.1P0.45,22.5,55.00000000000001,22.5,10.42938204572515,65.68518679831085
356,Na0.45O2.95Fe1.15P0.4,22.5,57.49999999999999,20.0,10.39489661095132,68.44381235478605
357,Na0.45O2.9Fe1.2P0.35,22.5,60.0,17.5,10.360638481275483,71.18425488249667
358,Na0.45O2.85Fe1.25P0.3,22.5,62.5,15.0,10.326605416713374,73.90669356659421
359,Na0.45O2.8Fe1.3P0.25,22.5,65.0,12.5,10.29279520661634,76.61130524555865
360,Na0.45O2.75Fe1.35P0.2,22.5,67.5,10.0,10.25920566919268,79.2982644494892
361,Na0.45O2.7Fe1.4P0.15,22.5,70.0,7.5,10.225834651038308,81.9677434376475
362,Na0.45O2.65Fe1.45P0.1,22.5,72.5,5.0,10.192680026676564,84.61991223527093
363,Na0.45O2.6Fe1.5P0.05,22.5,75.0,2.5,10.159739698106945,87.25493866967149
364,Na0.45O2.55Fe1.55,22.5,77.5,0.0,10.127011594362534,89.87298840563747
365,Na0.5O4P1.5,25.0,0.0,75.0,12.70548360657034,0.0
366,Na0.5O3.95Fe0.05P1.45,25.0,2.5,72.5,12.659436215474898,3.261692809254845
367,Na0.5O3.9Fe0.1P1.4,25.0,5.0,70.0,12.613721390285008,6.49982884804057
368,Na0.5O3.85Fe0.15P1.35,25.0,7.5,67.5,12.568335541151434,9.714662397547672
369,Na0.5O3.8Fe0.2P1.3,25.0,10.0,65.0,12.523275129706732,12.906444092337388
370,Na0.5O3.75Fe0.25P1.25,25.0,12.5,62.5,12.478536668145662,16.075420985478214
371,Na0.5O3.7Fe0.3P1.2,25.0,15.0,60.0,12.434116718325258,19.221836612291288
372,Na0.5O3.65Fe0.35P1.15,25.0,17.5,57.49999999999999,12.390011890884058,22.34593105273905
373,Na0.5O3.6Fe0.4P1.1,25.0,20.0,55.00000000000001,12.346218844379983,25.44794099249085
374,Na0.5O3.55Fe0.45P1.05,25.0,22.5,52.5,12.302734284446478,28.52809978269804
375,Na0.5O3.5Fe0.5P1,25.0,25.0,50.0,12.259554962966371,31.586637498510367
376,Na0.5O3.45Fe0.55P0.95,25.0,27.500000000000004,47.5,12.21667767726312,34.623780996364346
377,Na0.5O3.4Fe0.6P0.9,25.0,30.0,45.0,12.174099269308938,37.639753970073656
378,Na0.5O3.35Fe0.65P0.85,25.0,32.5,42.5,12.131816624949431,40.63477700575073
379,Na0.5O3.3Fe0.7P0.8,25.0,35.0,40.0,12.089826673144346,43.609067635587664
380,Na0.5O3.25Fe0.75P0.75,25.0,37.5,37.5,12.048126385224007,46.56284039052431
381,Na0.5O3.2Fe0.8P0.7,25.0,40.0,35.0,12.00671277416112,49.49630685182992
382,Na0.5O3.15Fe0.85P0.65,25.0,42.5,32.5,11.965582893857516,52.40967570162476
383,Na0.5O3.1Fe0.9P0.6,25.0,45.0,30.0,11.92473383844552,55.30315277236688
384,Na0.5O3.05Fe0.95P0.55,25.0,47.5,27.500000000000004,11.884162741603584,58.17694109532857
385,Na0.5O3Fe1P0.5,25.0,50.0,25.0,11.84386677588582,61.03124094808666
386,Na0.5O2.95Fe1.05P0.45,25.0,52.5,22.5,11.803843152065156,63.86624990104999
387,Na0.5O2.9Fe1.1P0.4,25.0,55.00000000000001,20.0,11.76408911848975,66.6821628630465
388,Na0.5O2.85Fe1.15P0.35,25.0,57.49999999999999,17.5,11.724601960452368,69.47917212599248
389,Na0.5O2.8Fe1.2P0.3,25.0,60.0,15.0,11.685378999572412,72.25746740866492
390,Na0.5O2.75Fe1.25P0.25,25.0,62.5,12.5,11.646417593190328,75.01723589959846
391,Na0.5O2.7Fe1.3P0.2,25.0,65.0,10.0,11.607715133774084,77.75866229912684
392,Na0.5O2.65Fe1.35P0.15,25.0,67.5,7.5,11.569269048337414,80.4819288605889
393,Na0.5O2.6Fe1.4P0.1,25.0,70.0,5.0,11.53107679786964,83.1872154307185
394,Na0.5O2.55Fe1.45P0.05,25.0,72.5,2.5,11.493135876776693,85.87469948923705
395,Na0.5O2.5Fe1.5,25.0,75.0,0.0,11.45544381233318,88.54455618766681
396,Na0.55O3.9P1.45,27.500000000000004,0.0,72.5,14.20895493981546,0.0
397,Na0.55O3.85Fe0.05P1.4,27.500000000000004,2.5,70.0,14.156603577572191,3.315851533879018
398,Na0.55O3.8Fe0.1P1.35,27.500000000000004,5.0,67.5,14.104636565131203,6.607358966156355
399,Na0.55O3.75Fe0.15P1.3,27.500000000000004,7.5,65.0,14.05304968528201,9.874789408197532
400,Na0.55O3.7Fe0.2P1.25,27.500000000000004,10.0,62.5,14.001838782286097,13.11840607783193
401,Na0.55O3.65Fe0.25P1.2,27.500000000000004,12.5,60.0,13.950999760760924,16.338468370037614
402,Na0.55O3.6Fe0.3P1.15,27.500000000000004,15.0,57.49999999999999,13.900528584588182,19.535231926091896
403,Na0.55O3.55Fe0.35P1.1,27.500000000000004,17.5,55.00000000000001,13.850421275845612,22.708948701226237
404,Na0.55O3.5Fe0.4P1.05,27.500000000000004,20.0,52.5,13.800673913761909,25.85986703082317
405,Na0.55O3.45Fe0.45P1,27.500000000000004,22.5,50.0,13.751282633694007,28.98823169519177
406,Na0.55O3.4Fe0.5P0.95,27.500000000000004,25.0,47.5,13.702243626126284,32.094283982957094
407,Na0.55O3.35Fe0.55P0.9,27.500000000000004,27.500000000000004,45.0,13.653553135691096,35.17826175309813
408,Na0.55O3.3Fe0.6P0.85,27.500000000000004,30.0,42.5,13.605207460210108,38.24039949566771
409,Na0.55O3.25Fe0.65P0.8,27.500000000000004,32.5,40.0,13.557202949755943,41.28092839122704
410,Na0.55O3.2Fe0.7P0.75,27.500000000000004,35.0,37.5,13.509536005733608,44.30007636902625
411,Na0.55O3.15Fe0.75P0.7,27.500000000000004,37.5,35.0,13.462203079981224,47.29806816396206
412,Na0.55O3.1Fe0.8P0.65,27.500000000000004,40.0,32.5,13.415200673889622,50.275125372342046
413,Na0.55O3.05Fe0.85P0.6,27.500000000000004,42.5,30.0,13.368525337540309,53.23146650648503
414,Na0.55O3Fe0.9P0.55,27.500000000000004,45.0,27.500000000000004,13.322173668861334,56.1673070481854
415,Na0.55O2.95Fe0.95P0.5,27.500000000000004,47.5,25.0,13.276142312800705,59.08285950106914
416,Na0.55O2.9Fe1P0.45,27.500000000000004,50.0,22.5,13.230427960516849,61.97833344186815
417,Na0.55O2.85Fe1.05P0.4,27.500000000000004,52.5,20.0,13.185027348585749,64.85393557063882
418,Na0.55O2.8Fe1.1P0.35,27.500000000000004,55.00000000000001,17.5,13.139937258224348,67.70986975995032
419,Na0.55O2.75Fe1.15P0.3,27.500000000000004,57.49999999999999,15.0,13.095154514529858,70.54633710306692
420,Na0.55O2.7Fe1.2P0.25,27.500000000000004,60.0,12.5,13.05067598573451,73.36353596114841
421,Na0.55O2.65Fe1.25P0.2,27.500000000000004,62.5,10.0,13.006498582475508,76.16166200949188
422,Na0.55O2.6Fe1.3P0.15,27.500000000000004,65.0,7.5,12.962619257079728,78.94090828283747
423,Na0.55O2.55Fe1.35P0.1,27.500000000000004,67.5,5.0,12.91903500286285,81.70146521976015
424,Na0.55O2.5Fe1.4P0.05,27.500000000000004,70.0,2.5,12.87574285344258,84.44352070616891
425,Na0.55O2.45Fe1.45,27.500000000000004,72.5,0.0,12.832739882065631,87.16726011793436
426,Na0.6O3.8P1.4,30.0,0.0,70.0,15.763388979137789,0.0
427,Na0.6O3.75Fe0.05P1.35,30.0,2.5,67.5,15.704329825555469,3.3718391821408047
428,Na0.6O3.7Fe0.1P1.3,30.0,5.0,65.0,15.645711562484228,6.718506789511062
429,Na0.6O3.65Fe0.15P1.25,30.0,7.5,62.5,15.58752927125609,10.040283641533035
430,Na0.6O3.6Fe0.2P1.2,30.0,10.0,60.0,15.529778106096954,13.337446395930616
431,Na0.6O3.55Fe0.25P1.15,30.0,12.5,57.49999999999999,15.47245329278121,16.610267625539343
432,Na0.6O3.5Fe0.3P1.1,30.0,15.0,55.00000000000001,15.415550127316084,19.859015893421557
433,Na0.6O3.45Fe0.35P1.05,30.0,17.5,52.5,15.359063974654893,23.083955826330083
434,Na0.6O3.4Fe0.4P1,30.0,20.0,50.0,15.302990267438462,26.28534818656271
435,Na0.6O3.35Fe0.45P0.95,30.0,22.5,47.5,15.247324504764068,29.4634499422484
436,Na0.6O3.3Fe0.5P0.9,30.0,25.0,45.0,15.192062250981085,32.618514336105
437,Na0.6O3.25Fe0.55P0.85,30.0,27.500000000000004,42.5,15.137199134512766,35.7507909527072
438,Na0.6O3.2Fe0.6P0.8,30.0,30.0,40.0,15.082730846703488,38.8605257843021
439,Na0.6O3.15Fe0.65P0.75,30.0,32.5,37.5,15.028653140690718,41.94796129520903
440,Na0.6O3.1Fe0.7P0.7,30.0,35.0,35.0,14.974961830301227,45.01333648483873
441,Na0.6O3.05Fe0.75P0.65,30.0,37.5,32.5,14.92165278897086,48.05688694936679
442,Na0.6O3Fe0.8P0.6,30.0,40.0,30.0,14.868721948687282,51.078844942094136
443,Na0.6O2.95Fe0.85P0.55,30.0,42.5,27.500000000000004,14.816165298955172,54.07943943252759
444,Na0.6O2.9Fe0.9P0.5,30.0,45.0,25.0,14.763978885783272,57.05889616421182
445,Na0.6O2.85Fe0.95P0.45,30.0,47.5,22.5,14.712158810692747,60.01743771134325
446,Na0.6O2.8Fe1P0.4,30.0,50.0,20.0,14.660701229746412,62.95528353419607
447,Na0.6O2.75Fe1.05P0.35,30.0,52.5,17.5,14.609602352598197,65.87265003338901
448,Na0.6O2.7Fe1.1P0.3,30.0,55.00000000000001,15.0,14.558858441562467,68.76975060302128
449,Na0.6O2.65Fe1.15P0.25,30.0,57.49999999999999,12.5,14.508465810702653,71.6467956827049
450,Na0.6O2.6Fe1.2P0.2,30.0,60.0,10.0,14.458420824938727,74.50399280852028
451,Na0.6O2.55Fe1.25P0.15,30.0,62.5,7.5,14.40871989917312,77.3415466629207
452,Na0.6O2.5Fe1.3P0.1,30.0,65.0,5.0,14.359359497434596,80.15965912361122
453,Na0.6O2.45Fe1.35P0.05,30.0,67.5,2.5,14.310336132039636,82.95852931142609
454,Na0.6O2.4Fe1.4,30.0,70.0,0.0,14.26164636277098,85.73835363722903
455,Na0.65O3.7P1.35,32.5,0.0,67.5,17.37142159904814,0.0
456,Na0.65O3.65Fe0.05P1.3,32.5,2.5,65.0,17.305219982105573,3.429749988465549
457,Na0.65O3.6Fe0.1P1.25,32.5,5.0,62.5,17.23952103161376,6.833458010989665
458,Na0.65O3.55Fe0.15P1.2,32.5,7.5,60.0,17.174319044133803,10.211419549320505
459,Na0.65O3.5Fe0.2P1.15,32.5,10.0,57.49999999999999,17.10960840218612,13.563925631856186
460,Na0.65O3.45Fe0.25P1.1,32.5,12.5,55.00000000000001,17.045383572637103,16.891262917228115
461,Na0.65O3.4Fe0.3P1.05,32.5,15.0,52.5,16.981639105122003,20.193713776008902
462,Na0.65O3.35Fe0.35P1,32.5,17.5,50.0,16.918369630503,23.471556370593667
463,Na0.65O3.3Fe0.4P0.95,32.5,20.0,47.5,16.855569859361704,26.72506473330234
464,Na0.65O3.25Fe0.45P0.9,32.5,22.5,45.0,16.793234580525052,29.95450884274885
465,Na0.65O3.2Fe0.5P0.85,32.5,25.0,42.5,16.731358659623776,33.16015469852207
466,Na0.65O3.15Fe0.55P0.8,32.5,27.500000000000004,40.0,16.669937037682693,36.34226439422176
467,Na0.65O3.1Fe0.6P0.75,32.5,30.0,37.5,16.608964729741878,39.5010961888917
468,Na0.65O3.05Fe0.65P0.7,32.5,32.5,35.0,16.54843682350796,42.63690457689089
469,Na0.65O3Fe0.7P0.65,32.5,35.0,32.5,16.488348478034894,45.7499403562425
470,Na0.65O2.95Fe0.75P0.6,32.5,37.5,30.0,16.428694922433294,48.840450695499165
471,Na0.65O2.9Fe0.8P0.55,32.5,40.0,27.500000000000004,16.369471454607684,51.90867919916195
472,Na0.65O2.85Fe0.85P0.5,32.5,42.5,25.0,16.310673440021027,54.954865971689614
473,Na0.65O2.8Fe0.9P0.45,32.5,45.0,22.5,16.252296310485683,57.97924768013297
474,Na0.65O2.75Fe0.95P0.4,32.5,47.5,20.0,16.19433556298036,60.98205761542946
475,Na0.65O2.7Fe1P0.35,32.5,50.0,17.5,16.13678675849217,63.96352575239042
476,Na0.65O2.65Fe1.05P0.3,32.5,52.5,15.0,16.079645520883386,66.92387880841403
477,Na0.65O2.6Fe1.1P0.25,32.5,55.00000000000001,12.5,16.02290753578211,69.86334030095522
478,Na0.65O2.55Fe1.15P0.2,32.5,57.49999999999999,10.0,15.966568549496424,72.78213060378307
479,Na0.65O2.5Fe1.2P0.15,32.5,60.0,7.5,15.910624367951284,75.68046700205562
480,Na0.65O2.45Fe1.25P0.1,32.5,62.5,5.0,15.855070855647767,78.55856374624076
481,Na0.65O2.4Fe1.3P0.05,32.5,65.0,2.5,15.79990393464399,81.41663210491149
482,Na0.65O2.35Fe1.35,32.5,67.5,0.0,15.74511958355723,84.25488041644277
483,Na0.7O3.6P1.3,35.0,0.0,65.0,19.035873638601355,0.0
484,Na0.7O3.55Fe0.05P1.25,35.0,2.5,62.5,18.96206116069931,3.4896847742544583
485,Na0.7O3.5Fe0.1P1.2,35.0,5.0,60.0,18.88881889434976,6.952411253253373
486,Na0.7O3.45Fe0.15P1.15,35.0,7.5,57.49999999999999,18.81614025753211,10.388490619844289
487,Na0.7O3.4Fe0.2P1.1,35.0,10.0,55.00000000000001,18.744018769140197,13.79822928587074
488,Na0.7O3.35Fe0.25P1.05,35.0,12.5,52.5,18.672448047055727,17.181928983258448
489,Na0.7O3.3Fe0.3P1,35.0,15.0,50.0,18.60142180626557,20.539886853022637
490,Na0.7O3.25Fe0.35P0.95,35.0,17.5,47.5,18.530933857021928,23.872395532251662
491,Na0.7O3.2Fe0.4P0.9,35.0,20.0,45.0,18.46097810304419,27.17974323912048
492,Na0.7O3.15Fe0.45P0.85,35.0,22.5,42.5,18.39154853976129,30.462213855985613
493,Na0.7O3.1Fe0.5P0.8,35.0,25.0,40.0,18.322639252593685,33.720087010612296
494,Na0.7O3.05Fe0.55P0.75,35.0,27.500000000000004,37.5,18.25424441527369,36.95363815558216
495,Na0.7O3Fe0.6P0.7,35.0,30.0,35.0,18.186358288203387,40.16313864592926
496,Na0.7O2.95Fe0.65P0.65,35.0,32.5,32.5,18.11897521684901,43.34885581505
497,Na0.7O2.9Fe0.7P0.6,35.0,35.0,30.0,18.052089630170865,46.51105304893189
498,Na0.7O2.85Fe0.75P0.55,35.0,37.5,27.500000000000004,17.985696039087934,49.649989858744206
499,Na0.7O2.8Fe0.8P0.5,35.0,40.0,25.0,17.919789034976226,52.76592195183263
500,Na0.7O2.75Fe0.85P0.45,35.0,42.5,22.5,17.854363288200016,55.85910130115867
501,Na0.7O2.7Fe0.9P0.4,35.0,45.0,20.0,17.789413546675135,58.929776213223526
502,Na0.7O2.65Fe0.95P0.35,35.0,47.5,17.5,17.72493463446354,61.97819139451472
503,Na0.7O2.6Fe1P0.3,35.0,50.0,15.0,17.66092145039829,65.00458801651283
504,Na0.7O2.55Fe1.05P0.25,35.0,52.5,12.5,17.59736896673826,68.00920377929491
505,Na0.7O2.5Fe1.1P0.2,35.0,55.00000000000001,10.0,17.534272227851737,70.9922729737693
506,Na0.7O2.45Fe1.15P0.15,35.0,57.49999999999999,7.5,17.47162634892831,73.95402654257657
507,Na0.7O2.4Fe1.2P0.1,35.0,60.0,5.0,17.4094265147182,76.8946921396894
508,Na0.7O2.35Fe1.25P0.05,35.0,62.5,2.5,17.347667978298468,79.81449418874405
509,Na0.7O2.3Fe1.3,35.0,65.0,0.0,17.286346059865384,82.71365394013462
510,Na0.75O3.5P1.25,37.5,0.0,62.5,20.7597674152602,0.0
511,Na0.75O3.45Fe0.05P1.2,37.5,2.5,60.0,20.67783875874204,3.55175153365706
512,Na0.75O3.4Fe0.1P1.15,37.5,5.0,57.49999999999999,20.596554224922517,7.075579214050294
513,Na0.75O3.35Fe0.15P1.1,37.5,7.5,55.00000000000001,20.515906247410797,10.571811057545752
514,Na0.75O3.3Fe0.2P1.05,37.5,10.0,52.5,20.435887377861857,14.040769963017064
515,Na0.75O3.25Fe0.25P1,37.5,12.5,50.0,20.35649028368329,17.482773811257264
516,Na0.75O3.2Fe0.3P0.95,37.5,15.0,47.5,20.27770774579543,20.898135562082327
517,Na0.75O3.15Fe0.35P0.9,37.5,17.5,45.0,20.19953265644327,24.28716334918844
518,Na0.75O3.1Fe0.4P0.85,37.5,20.0,42.5,20.121958017058795,27.65016057282358
519,Na0.75O3.05Fe0.45P0.8,37.5,22.5,40.0,20.04497693617236,30.987425990331896
520,Na0.75O3Fe0.5P0.75,37.5,25.0,37.5,19.9685826273719,34.29925380462759
521,Na0.75O2.95Fe0.55P0.7,37.5,27.500000000000004,35.0,19.89276840730854,37.58593375065338
522,Na0.75O2.9Fe0.6P0.65,37.5,30.0,32.5,19.817527693747525,40.847751179876845
523,Na0.75O2.85Fe0.65P0.6,37.5,32.5,30.0,19.7428540036632,44.08498714287653
524,Na0.75O2.8Fe0.7P0.55,37.5,35.0,27.500000000000004,19.6687409513769,47.29791847006778
525,Na0.75O2.75Fe0.75P0.5,37.5,37.5,25.0,19.5951822467366,50.48681785061735
526,Na0.75O2.7Fe0.8P0.45,37.5,40.0,22.5,19.52217169333731,53.65195390959359
527,Na0.75O2.65Fe0.85P0.4,37.5,42.5,20.0,19.44970318678104,56.79359128339847
528,Na0.75O2.6Fe0.9P0.35,37.5,45.0,17.5,19.37777071297545,59.911990693525695
529,Na0.75O2.55Fe0.95P0.3,37.5,47.5,15.0,19.306368346470077,63.00740901868808
530,Na0.75O2.5Fe1P0.25,37.5,50.0,12.5,19.23549024882916,66.08009936535619
531,Na0.75O2.45Fe1.05P0.2,37.5,52.5,10.0,19.16513066704029,69.13031113674897
532,Na0.75O2.4Fe1.1P0.15,37.5,55.00000000000001,7.5,19.095283931957773,72.15829010031555
533,Na0.75O2.35Fe1.15P0.1,37.5,57.49999999999999,5.0,19.02594445677994,75.16427845374707
534,Na0.75O2.3Fe1.2P0.05,37.5,60.0,2.5,18.957106735559464,78.14851488955519
535,Na0.75O2.25Fe1.25,37.5,62.5,0.0,18.888765341745984,81.11123465825402
536,Na0.8O3.4P1.2,40.0,0.0,60.0,22.54634504017984,0.0
537,Na0.8O3.35Fe0.05P1.15,40.0,2.5,57.49999999999999,22.45575441003613,3.616066082986106
538,Na0.8O3.3Fe0.1P1.1,40.0,5.0,55.00000000000001,22.36588884819577,7.203189935462763
539,Na0.8O3.25Fe0.15P1.05,40.0,7.5,52.5,22.276739684415432,10.76171764369536
540,Na0.8O3.2Fe0.2P1,40.0,10.0,50.0,22.18829838613935,14.291989797935232
541,Na0.8O3.15Fe0.25P0.95,40.0,12.5,47.5,22.10055655577697,17.794341601087353
542,Na0.8O3.1Fe0.3P0.9,40.0,15.0,45.0,22.013505928044907,21.269102974809925
543,Na0.8O3.05Fe0.35P0.85,40.0,17.5,42.5,21.927138367371484,24.71659866311632
544,Na0.8O3Fe0.4P0.8,40.0,20.0,40.0,21.841445865362125,28.137148333547717
545,Na0.8O2.95Fe0.45P0.75,40.0,22.5,37.5,21.756420538323965,31.53106667598264
546,Na0.8O2.9Fe0.5P0.7,40.0,25.0,35.0,21.672054624848023,34.898663499147624
547,Na0.8O2.85Fe0.55P0.65,40.0,27.500000000000004,32.5,21.58834048344745,38.24024382489097
548,Na0.8O2.8Fe0.6P0.6,40.0,30.0,30.0,21.50527059025025,41.55610798028001
549,Na0.8O2.75Fe0.65P0.55,40.0,32.5,27.500000000000004,21.42283753674516,44.84655168758033
550,Na0.8O2.7Fe0.7P0.5,40.0,35.0,25.0,21.34103402757904,48.11186615217327
551,Na0.8O2.65Fe0.75P0.45,40.0,37.5,22.5,21.25985287840466,51.352338148467005
552,Na0.8O2.6Fe0.8P0.4,40.0,40.0,20.0,21.17928701377736,54.56825010385402
553,Na0.8O2.55Fe0.85P0.35,40.0,42.5,17.5,21.099329465099377,57.75988018076709
554,Na0.8O2.5Fe0.9P0.3,40.0,45.0,15.0,21.01997336861051,60.92750235688317
555,Na0.8O2.45Fe0.95P0.25,40.0,47.5,12.5,20.941211963424053,64.07138650352456
556,Na0.8O2.4Fe1P0.2,40.0,50.0,10.0,20.863038589606624,67.19179846230374
557,Na0.8O2.35Fe1.05P0.15,40.0,52.5,7.5,20.785446686300915,70.28900012005799
558,Na0.8O2.3Fe1.1P0.1,40.0,55.00000000000001,5.0,20.70842978989012,73.36324948211819
559,Na0.8O2.25Fe1.15P0.05,40.0,57.49999999999999,2.5,20.63198153220305,76.4148007439545
560,Na0.8O2.2Fe1.2,40.0,60.0,0.0,20.55609563875887,79.44390436124114
561,Na0.85O3.3P1.15,42.5,0.0,57.49999999999999,24.39908876841816,0.0
562,Na0.85O3.25Fe0.05P1.1,42.5,2.5,55.00000000000001,24.29924592370243,3.6827527819906782
563,Na0.85O3.2Fe0.1P1.05,42.5,5.0,52.5,24.20021687722071,7.3354882130254015
564,Na0.85O3.15Fe0.15P1,42.5,7.5,50.0,24.101991719707293,10.958571801278003
565,Na0.85O3.1Fe0.2P0.95,42.5,10.0,47.5,24.004560702127197,14.552363144733052
566,Na0.85O3.05Fe0.25P0.9,42.5,12.5,45.0,23.907914232450544,18.117216050162973
567,Na0.85O3Fe0.3P0.85,42.5,15.0,42.5,23.81204287250466,21.653478649242643
568,Na0.85O2.95Fe0.35P0.8,42.5,17.5,40.0,23.716937334901456,25.16149351188136
569,Na0.85O2.9Fe0.4P0.75,42.5,20.0,37.5,23.6225884800383,28.64159775684975
570,Na0.85O2.85Fe0.45P0.7,42.5,22.5,35.0,23.528987313170077,32.09412315977656
571,Na0.85O2.8Fe0.5P0.65,42.5,25.0,32.5,23.436124981550645,35.51939625858812
572,Na0.85O2.75Fe0.55P0.6,42.5,27.500000000000004,30.0,23.3439927716417,38.91773845646076
573,Na0.85O2.7Fe0.6P0.55,42.5,30.0,27.500000000000004,23.252582106387223,42.289466122354334
574,Na0.85O2.65Fe0.65P0.5,42.5,32.5,25.0,23.161884542551707,45.63489068919301
575,Na0.85O2.6Fe0.7P0.45,42.5,35.0,22.5,23.0718917681204,48.95431874975713
576,Na0.85O2.55Fe0.75P0.4,42.5,37.5,20.0,22.98259559976004,52.24805215034839
577,Na0.85O2.5Fe0.8P0.35,42.5,40.0,17.5,22.89398798033816,55.516388082288216
578,Na0.85O2.45Fe0.85P0.3,42.5,42.5,15.0,22.806060976499698,58.75961917130772
579,Na0.85O2.4Fe0.9P0.25,42.5,45.0,12.5,22.718806776299168,61.97803356488565
580,Na0.85O2.35Fe0.95P0.2,42.5,47.5,10.0,22.632217686887,65.17191501758909
581,Na0.85O2.3Fe1P0.15,42.5,50.0,7.5,22.54628613224856,68.34154297447
582,Na0.85O2.25Fe1.05P0.1,42.5,52.5,5.0,22.461004650994543,71.48719265256909
583,Na0.85O2.2Fe1.1P0.05,42.5,55.00000000000001,2.5,22.37636589420125,74.60913512057688
584,Na0.85O2.15Fe1.15,42.5,57.49999999999999,0.0,22.29236262329957,77.70763737670042
585,Na0.9O3.2P1.1,45.0,0.0,55.00000000000001,26.32174365282145,0.0
586,Na0.9O3.15Fe0.05P1.05,45.0,2.5,52.5,26.212009470808816,3.751945336438147
587,Na0.9O3.1Fe0.1P1,45.0,5.0,50.0,26.103186444107077,7.472737163033
588,Na0.9O3.05Fe0.15P0.95,45.0,7.5,47.5,25.995263271248604,11.162761890727351
589,Na0.9O3Fe0.2P0.9,45.0,10.0,45.0,25.888228836899117,14.82239956633894
590,Na0.9O2.95Fe0.25P0.85,45.0,12.5,42.5,25.782072208041363,18.45202400304327
591,Na0.9O2.9Fe0.3P0.8,45.0,15.0,40.0,25.67678263025241,22.052002907659308
592,Na0.9O2.85Fe0.35P0.75,45.0,17.5,37.5,25.572349524071715,25.62269800482892
593,Na0.9O2.8Fe0.4P0.7,45.0,20.0,35.0,25.468762481457446,29.16446515817821
594,Na0.9O2.75Fe0.45P0.65,45.0,22.5,32.5,25.366011262328698,32.67765448854597
595,Na0.9O2.7Fe0.5P0.6,45.0,25.0,30.0,25.264085791190944,36.16261048936178
596,Na0.9O2.65Fe0.55P0.55,45.0,27.500000000000004,27.500000000000004,25.162976153842585,39.619672139253545
597,Na0.9O2.6Fe0.6P0.5,45.0,30.0,25.0,25.06267259416026,43.04917301196176
598,Na0.9O2.55Fe0.65P0.45,45.0,32.5,22.5,24.96316551096072,46.45144138363551
599,Na0.9O2.5Fe0.7P0.4,45.0,35.0,20.0,24.864445454937183,49.82680033758247
600,Na0.9O2.45Fe0.75P0.35,45.0,37.5,17.5,24.76650312566812,53.17556786654328
601,Na0.9O2.4Fe0.8P0.3,45.0,40.0,15.0,24.66932936869633,56.49805697255812
602,Na0.9O2.35Fe0.85P0.25,45.0,42.5,12.5,24.57291517267675,59.79457576449164
603,Na0.9O2.3Fe0.9P0.2,45.0,45.0,10.0,24.477251666590607,63.0654275532797
604,Na0.9O2.25Fe0.95P0.15,45.0,47.5,7.5,24.382330117024605,66.31091094495999
605,Na0.9O2.2Fe1P0.1,45.0,50.0,5.0,24.288141925513084,69.53131993154645
606,Na0.9O2.15Fe1.05P0.05,45.0,52.5,2.5,24.19467862594153,72.72694397980543
607,Na0.9O2.1Fe1.1,45.0,55.00000000000001,0.0,24.101931882009865,75.89806811799014
608,Na0.95O3.1P1.05,47.5,0.0,52.5,28.318342811679027,0.0
609,Na0.95O3.05Fe0.05P1,47.5,2.5,50.0,28.198024319979847,3.82378769290329
610,Na0.95O3Fe0.1P0.95,47.5,5.0,47.5,28.078723916951603,7.615219969151764
611,Na0.95O2.95Fe0.15P0.9,47.5,7.5,45.0,27.960428735024006,11.374705767190504
612,Na0.95O2.9Fe0.2P0.85,47.5,10.0,42.5,27.84312612256045,15.10264716297356
613,Na0.95O2.85Fe0.25P0.8,47.5,12.5,40.0,27.7268036393474,18.79943951331384
614,Na0.95O2.8Fe0.3P0.75,47.5,15.0,37.5,27.61144905219638,22.46547159565472
615,Na0.95O2.75Fe0.35P0.7,47.5,17.5,35.0,27.49705033065523,26.101125744366996
616,Na0.95O2.7Fe0.4P0.65,47.5,20.0,32.5,27.383595642825654,29.706777983671657
617,Na0.95O2.65Fe0.45P0.6,47.5,22.5,30.0,27.2710733512838,33.28279815728549
618,Na0.95O2.6Fe0.5P0.55,47.5,25.0,27.500000000000004,27.15947200910096,36.82955005488338
619,Na0.95O2.55Fe0.55P0.5,47.5,27.500000000000004,25.0,27.04878035596177,40.34739153546816
620,Na0.95O2.5Fe0.6P0.45,47.5,30.0,22.5,26.938987314376696,43.83667464773577
621,Na0.95O2.45Fe0.65P0.4,47.5,32.5,20.0,26.83008198598656,47.29774574752104
622,Na0.95O2.4Fe0.7P0.35,47.5,35.0,17.5,26.72205364795634,50.7309456124059
623,Na0.95O2.35Fe0.75P0.3,47.5,37.5,15.0,26.614891749455627,54.1366095535702
624,Na0.95O2.3Fe0.8P0.25,47.5,40.0,12.5,26.50858590822356,57.51506752496185
625,Na0.95O2.25Fe0.85P0.2,47.5,42.5,10.0,26.403125907215657,60.86664422986105
626,Na0.95O2.2Fe0.9P0.15,47.5,45.0,7.5,26.29850169133044,64.1916592249111
627,Na0.95O2.15Fe0.95P0.1,47.5,47.5,5.0,26.194703364213503,67.49042702168532
628,Na0.95O2.1Fe1P0.05,47.5,50.0,2.5,26.091721185137057,70.76325718585835
629,Na0.95O2.05Fe1.05,47.5,52.5,0.0,25.989545565952728,74.01045443404726
630,Na1O3P1,50.0,0.0,50.0,30.39323566887947,0.0
631,Na1O2.95Fe0.05P0.95,50.0,2.5,47.5,30.26158047031321,3.8984350383649655
632,Na1O2.9Fe0.1P0.9,50.0,5.0,45.0,30.131060941085423,7.763241832730474
633,Na1O2.85Fe0.15P0.85,50.0,7.5,42.5,30.00166244972671,11.594853634754909
634,Na1O2.8Fe0.2P0.8,50.0,10.0,40.0,29.873370615033483,15.393696285487309
635,Na1O2.75Fe0.25P0.75,50.0,12.5,37.5,29.746171300739967,19.160188373137345
636,Na1O2.7Fe0.3P0.7,50.0,15.0,35.0,29.62005061032559,22.89474138683181
637,Na1O2.65Fe0.35P0.65,50.0,17.5,32.5,29.49499488195398,26.59775986647608
638,Na1O2.6Fe0.4P0.6,50.0,20.0,30.0,29.370990683539627,30.26964154883528
639,Na1O2.55Fe0.45P0.55,50.0,22.5,27.500000000000004,29.248024807938457,33.9107775099459
640,Na1O2.5Fe0.5P0.5,50.0,25.0,25.0,29.12608426825871,37.52155230396503
641,Na1O2.45Fe0.55P0.45,50.0,27.500000000000004,22.5,29.00515629328861,41.102344098560536
642,Na1O2.4Fe0.6P0.4,50.0,30.0,20.0,28.88522832303755,44.65352480694259
643,Na1O2.35Fe0.65P0.35,50.0,32.5,17.5,28.76628800438731,48.17546021663316
644,Na1O2.3Fe0.7P0.3,50.0,35.0,15.0,28.648323186850405,51.66851011506712
645,Na1O2.25Fe0.75P0.25,50.0,37.5,12.5,28.53132191843227,55.13302841211559
646,Na1O2.2Fe0.8P0.2,50.0,40.0,10.0,28.41527244159449,58.56936325961927
647,Na1O2.15Fe0.85P0.15,50.0,42.5,7.5,28.30016318931614,61.97785716801619
648,Na1O2.1Fe0.9P0.1,50.0,45.0,5.0,28.18598278125041,65.35884712014635
649,Na1O2.05Fe0.95P0.05,50.0,47.5,2.5,28.07272001997398,68.71266468231248
650,Na1O2Fe1,50.0,50.0,0.0,27.960363887326395,72.0396361126736
651,Na1.05O2.9P0.95,52.5,0.0,47.5,32.551119582695485,0.0
652,Na1.05O2.85Fe0.05P0.9,52.5,2.5,45.0,32.40730958541093,3.976054919217735
653,Na1.05O2.8Fe0.1P0.85,52.5,5.0,42.5,32.26476469654438,7.917132155077125
654,Na1.05O2.75Fe0.15P0.8,52.5,7.5,40.0,32.123468295308285,11.82369123866373
655,Na1.05O2.7Fe0.2P0.75,52.5,10.0,37.5,31.98340405079387,15.696183686502083
656,Na1.05O2.65Fe0.25P0.7,52.5,12.5,35.0,31.844555915678956,19.53505317452196
657,Na1.05O2.6Fe0.3P0.65,52.5,15.0,32.5,31.70690812009896,23.34073570751288
658,Na1.05O2.55Fe0.35P0.6,52.5,17.5,30.0,31.5704451656762,27.11365978420274
659,Na1.05O2.5Fe0.4P0.55,52.5,20.0,27.500000000000004,31.43515181970262,30.854246558091774
660,Na1.05O2.45Fe0.45P0.5,52.5,22.5,25.0,31.30101310947161,34.56290999416877
661,Na1.05O2.4Fe0.5P0.45,52.5,25.0,22.5,31.168014316754128,38.24005702163185
662,Na1.05O2.35Fe0.55P0.4,52.5,27.500000000000004,20.0,31.036140972415254,41.886087682732345
663,Na1.05O2.3Fe0.6P0.35,52.5,30.0,17.5,30.90537885116673,45.50139527785589
664,Na1.05O2.25Fe0.65P0.3,52.5,32.5,15.0,30.77571396645159,49.08636650695144
665,Na1.05O2.2Fe0.7P0.25,52.5,35.0,12.5,30.647132565457063,52.641381607414864
666,Na1.05O2.15Fe0.75P0.2,52.5,37.5,10.0,30.519621124251955,56.166814488530505
667,Na1.05O2.1Fe0.8P0.15,52.5,40.0,7.5,30.393166343044903,59.66303286257042
668,Na1.05O2.05Fe0.85P0.1,52.5,42.5,5.0,30.267755141560063,63.13039837264789
669,Na1.05O2Fe0.9P0.05,52.5,45.0,2.5,30.143374654526777,66.56926671741867
670,Na1.05O1.95Fe0.95,52.5,47.5,0.0,30.02001222727998,69.97998777272002
671,Na1.1O2.8P0.9,55.00000000000001,0.0,45.0,34.797075347259344,0.0
672,Na1.1O2.75Fe0.05P0.85,55.00000000000001,2.5,42.5,34.64021969796086,4.056828496679854
673,Na1.1O2.7Fe0.1P0.8,55.00000000000001,5.0,40.0,34.48477182707329,8.077246984539697
674,Na1.1O2.65Fe0.15P0.75,55.00000000000001,7.5,37.5,34.330712867061806,12.061743443153905
675,Na1.1O2.6Fe0.2P0.7,55.00000000000001,10.0,35.0,34.17802428605103,16.01079717078469
676,Na1.1O2.55Fe0.25P0.65,55.00000000000001,12.5,32.5,34.02668788039373,19.924878976581407
677,Na1.1O2.5Fe0.3P0.6,55.00000000000001,15.0,30.0,33.87668576743608,23.8044513676962
678,Na1.1O2.45Fe0.35P0.55,55.00000000000001,17.5,27.500000000000004,33.72800037847342,27.64996873147202
679,Na1.1O2.4Fe0.4P0.5,55.00000000000001,20.0,25.0,33.58061445189072,31.461877512854
680,Na1.1O2.35Fe0.45P0.45,55.00000000000001,22.5,22.5,33.434511026482106,35.24061638716932
681,Na1.1O2.3Fe0.5P0.4,55.00000000000001,25.0,20.0,33.28967343494408,38.98661642841641
682,Na1.1O2.25Fe0.55P0.35,55.00000000000001,27.500000000000004,17.5,33.146085297536985,42.70030127319871
683,Na1.1O2.2Fe0.6P0.3,55.00000000000001,30.0,15.0,33.00373051591001,46.382087280434135
684,Na1.1O2.15Fe0.65P0.25,55.00000000000001,32.5,12.5,32.86259326708442,50.03238368696669
685,Na1.1O2.1Fe0.7P0.2,55.00000000000001,35.0,10.0,32.72265799759076,53.65159275920224
686,Na1.1O2.05Fe0.75P0.15,55.00000000000001,37.5,7.5,32.58390941775492,57.24010994088668
687,Na1.1O2Fe0.8P0.1,55.00000000000001,40.0,5.0,32.446332496129216,60.79832399714028
688,Na1.1O1.95Fe0.85P0.05,55.00000000000001,42.5,2.5,32.30991245406379,64.32661715485844
689,Na1.1O1.9Fe0.9,55.00000000000001,45.0,0.0,32.17463476041446,67.82536523958554
690,Na1.15O2.7P0.85,57.49999999999999,0.0,42.5,37.13660713146344,0.0
691,Na1.15O2.65Fe0.05P0.8,57.49999999999999,2.5,40.0,36.9657342321779,4.140951958396078
692,Na1.15O2.6Fe0.1P0.75,57.49999999999999,5.0,37.5,36.79642657116019,8.243971766652287
693,Na1.15O2.55Fe0.15P0.7,57.49999999999999,7.5,35.0,36.62866273950784,12.30957825038105
694,Na1.15O2.5Fe0.2P0.65,57.49999999999999,10.0,32.5,36.46242171697989,16.338280816330567
695,Na1.15O2.45Fe0.25P0.6,57.49999999999999,12.5,30.0,36.29768286321693,20.330579665159043
696,Na1.15O2.4Fe0.3P0.55,57.49999999999999,15.0,27.500000000000004,36.13442590919811,24.28696599846697
697,Na1.15O2.35Fe0.35P0.5,57.49999999999999,17.5,25.0,35.972630948927616,28.207922220267346
698,Na1.15O2.3Fe0.4P0.45,57.49999999999999,20.0,22.5,35.81227843134355,32.0939221330674
699,Na1.15O2.25Fe0.45P0.4,57.49999999999999,22.5,20.0,35.65334915244218,35.9454311287293
700,Na1.15O2.2Fe0.5P0.35,57.49999999999999,25.0,17.5,35.49582424761108,39.76290637427118
701,Na1.15O2.15Fe0.55P0.3,57.49999999999999,27.500000000000004,15.0,35.33968518416449,43.54679699276446
702,Na1.15O2.1Fe0.6P0.25,57.49999999999999,30.0,12.5,35.18491375407493,47.29754423947755
703,Na1.15O2.05Fe0.65P0.2,57.49999999999999,32.5,10.0,35.031492066894934,51.01558167341131
704,Na1.15O2.0Fe0.7P0.15,57.49999999999999,35.0,7.5,34.87940254286316,54.70133532436605
705,Na1.15O1.95Fe0.75P0.1,57.49999999999999,37.5,5.0,34.72862790618932,58.35522385567554
706,Na1.15O1.9Fe0.8P0.05,57.49999999999999,40.0,2.5,34.57915117851247,61.97765872273825
707,Na1.15O1.85Fe0.85,57.49999999999999,42.5,0.0,34.430955672527666,65.56904432747234
708,Na1.2O2.6P0.8,60.0,0.0,40.0,39.57568751613943,0.0
709,Na1.2O2.55Fe0.05P0.75,60.0,2.5,37.5,39.389735984130965,4.228638109387664
710,Na1.2O2.5Fe0.1P0.7,60.0,5.0,35.0,39.20552371504446,8.41772444205919
711,Na1.2O2.45Fe0.15P0.65,60.0,7.5,32.5,39.02302642066125,12.567811325203818
712,Na1.2O2.4Fe0.2P0.6,60.0,10.0,30.0,38.84222026290301,16.679440849576967
713,Na1.2O2.35Fe0.25P0.55,60.0,12.5,27.500000000000004,38.66308184345164,20.75314510554988
714,Na1.2O2.3Fe0.3P0.5,60.0,15.0,25.0,38.485588193655,24.78944641265738
715,Na1.2O2.25Fe0.35P0.45,60.0,17.5,22.5,38.30971676470952,28.78885754285173
716,Na1.2O2.2Fe0.4P0.4,60.0,20.0,20.0,38.1354454181107,32.75188193766289
717,Na1.2O2.15Fe0.45P0.35,60.0,22.5,17.5,37.96275241636313,36.67901391945853
718,Na1.2O2.1Fe0.5P0.3,60.0,25.0,15.0,37.791616413941696,40.57073889698983
719,Na1.2O2.05Fe0.55P0.25,60.0,27.500000000000004,12.5,37.62201644849625,44.42753356540269
720,Na1.2O2Fe0.6P0.2,60.0,30.0,10.0,37.45393193229204,48.24986610088725
721,Na1.2O1.95Fe0.65P0.15,60.0,32.5,7.5,37.28734264387849,52.03819635013296
722,Na1.2O1.9Fe0.7P0.1,60.0,35.0,5.0,37.122228719979525,55.79297601474988
723,Na1.2O1.85Fe0.75P0.05,60.0,37.5,2.5,36.95857064759811,59.5146488308118
724,Na1.2O1.8Fe0.8,60.0,40.0,0.0,36.79634925632903,63.20365074367097
725,Na1.25O2.5P0.75,62.5,0.0,37.5,42.12080840529372,0.0
726,Na1.25O2.45Fe0.05P0.7,62.5,2.5,35.0,41.91861681074888,4.320118169508858
727,Na1.25O2.4Fe0.1P0.65,62.5,5.0,32.5,41.71835709442179,8.598958944630814
728,Na1.25O2.35Fe0.15P0.6,62.5,7.5,30.0,41.52000170020821,12.837111101703618
729,Na1.25O2.3Fe0.2P0.55,62.5,10.0,27.500000000000004,41.32352359360034,17.03515227239689
730,Na1.25O2.25Fe0.25P0.5,62.5,12.5,25.0,41.12889624940364,21.193649206160323
731,Na1.25O2.2Fe0.3P0.45,62.5,15.0,22.5,40.93609363979909,25.313158025290186
732,Na1.25O2.15Fe0.35P0.4,62.5,17.5,20.0,40.74509022273968,29.394224472855047
733,Na1.25O2.1Fe0.4P0.35,62.5,20.0,17.5,40.55586093067035,33.43738415371312
734,Na1.25O2.05Fe0.45P0.3,62.5,22.5,15.0,40.3683811595605,37.4431627688444
735,Na1.25O2Fe0.5P0.25,62.5,25.0,12.5,40.18262675823968,41.412076343213386
736,Na1.25O1.95Fe0.55P0.2,62.5,27.500000000000004,10.0,39.99857401802607,45.34463144736943
737,Na1.25O1.9Fe0.6P0.15,62.5,30.0,7.5,39.8161996626388,49.24132541298478
738,Na1.25O1.85Fe0.65P0.1,62.5,32.5,5.0,39.63548083838504,53.10264654252289
739,Na1.25O1.8Fe0.7P0.05,62.5,35.0,2.5,39.456395104612994,56.92907431322259
740,Na1.25O1.75Fe0.75,62.5,37.5,0.0,39.27892042442269,60.721079575577306
741,Na1.3O2.4P0.7,65.0,0.0,35.0,44.77903872508442,0.0
742,Na1.3O2.35Fe0.05P0.65,65.0,2.5,32.5,44.55933391111,4.415643809373499
743,Na1.3O2.3Fe0.1P0.6,65.0,5.0,30.0,44.34177449949518,8.788169161411693
744,Na1.3O2.25Fe0.15P0.55,65.0,7.5,27.500000000000004,44.126329218364624,13.118204560607282
745,Na1.3O2.2Fe0.2P0.5,65.0,10.0,25.0,43.91296740067231,17.406366355548485
746,Na1.3O2.15Fe0.25P0.45,65.0,12.5,22.5,43.70165896964939,21.653259031389
747,Na1.3O2.1Fe0.3P0.4,65.0,15.0,20.0,43.492374424670125,25.859475493914296
748,Na1.3O2.05Fe0.35P0.35,65.0,17.5,17.5,43.28508482752216,30.025597345484563
749,Na1.3O2Fe0.4P0.3,65.0,20.0,15.0,43.07976178906737,34.15219515312395
750,Na1.3O1.95Fe0.45P0.25,65.0,22.5,12.5,42.87637745628075,38.239828709015846
751,Na1.3O1.9Fe0.5P0.2,65.0,25.0,10.0,42.67490449965457,42.289047283653815
752,Na1.3O1.85Fe0.55P0.15,65.0,27.500000000000004,7.5,42.47531610095607,46.30038987188863
753,Na1.3O1.8Fe0.6P0.1,65.0,30.0,5.0,42.277585941327125,50.274385432103095
754,Na1.3O1.75Fe0.65P0.05,65.0,32.5,2.5,42.0816881897146,54.21155311873724
755,Na1.3O1.7Fe0.7,65.0,35.0,0.0,41.887597491621136,58.11240250837887
756,Na1.35O2.3P0.65,67.5,0.0,32.5,47.558089990338864,0.0
757,Na1.35O2.25Fe0.05P0.6,67.5,2.5,30.0,47.31947374345932,4.515489462497416
758,Na1.35O2.2Fe0.1P0.55,67.5,5.0,27.500000000000004,47.08323999185014,8.985893427135725
759,Na1.35O2.15Fe0.15P0.5,67.5,7.5,25.0,46.84935323025917,13.41188378274994
760,Na1.35O2.1Fe0.2P0.45,67.5,10.0,22.5,46.61777865543864,17.794119133691048
761,Na1.35O2.05Fe0.25P0.4,67.5,12.5,20.0,46.38848214888071,22.13324512653457
762,Na1.35O2Fe0.3P0.35,67.5,15.0,17.5,46.161430260059866,26.429894767194607
763,Na1.35O1.95Fe0.35P0.3,67.5,17.5,15.0,45.93659019016511,30.68468872877031
764,Na1.35O1.9Fe0.4P0.25,67.5,20.0,12.5,45.71392977630524,34.898235650439446
765,Na1.35O1.85Fe0.45P0.2,67.5,22.5,10.0,45.49341747617128,39.07113242770112
766,Na1.35O1.8Fe0.5P0.15,67.5,25.0,7.5,45.27502235314071,43.20396449425859
767,Na1.35O1.75Fe0.55P0.1,67.5,27.500000000000004,5.0,45.05871406180862,47.29730609582165
768,Na1.35O1.7Fe0.6P0.05,67.5,30.0,2.5,44.84446283393174,51.35172055609736
769,Na1.35O1.65Fe0.65,67.5,32.5,0.0,44.632239464771565,55.36776053522844
770,Na1.4O2.2P0.6,70.0,0.0,30.0,50.46639101929051,0.0
771,Na1.4O2.15Fe0.05P0.55,70.0,2.5,27.500000000000004,50.20732481451666,4.6199549583882185
772,Na1.4O2.1Fe0.1P0.5,70.0,5.0,25.0,49.95090482732778,9.192719639436644
773,Na1.4O2.05Fe0.15P0.45,70.0,7.5,22.5,49.69709071927405,13.719013402976277
774,Na1.4O2Fe0.2P0.4,70.0,10.0,20.0,49.4458429676431,18.199541061705705
775,Na1.4O1.95Fe0.25P0.35,70.0,12.5,17.5,49.19712284494366,22.634993247062507
776,Na1.4O1.9Fe0.3P0.3,70.0,15.0,15.0,48.95089239900515,27.026046764107686
777,Na1.4O1.85Fe0.35P0.25,70.0,17.5,12.5,48.70711443367209,31.373364935806
778,Na1.4O1.8Fe0.4P0.2,70.0,20.0,10.0,48.46575249007234,35.67759793707007
779,Na1.4O1.75Fe0.45P0.15,70.0,22.5,7.5,48.22677082843968,39.939383118921576
780,Na1.4O1.7Fe0.5P0.1,70.0,25.0,5.0,47.99013441047137,44.15934532310902
781,Na1.4O1.65Fe0.55P0.05,70.0,27.500000000000004,2.5,47.75580888220275,48.33809718750823
782,Na1.4O1.6Fe0.6,70.0,30.0,0.0,47.52376055738102,52.476239442618976
783,Na1.45O2.1P0.55,72.5,0.0,27.500000000000004,53.51317332113664,0.0
784,Na1.45O2.05Fe0.05P0.5,72.5,2.5,25.0,53.23196081192248,4.729368529789073
785,Na1.45O2Fe0.1P0.45,72.5,5.0,22.5,52.9536884041378,9.409291097114528
786,Na1.45O1.95Fe0.15P0.4,72.5,7.5,20.0,52.678310229036285,14.040539112202152
787,Na1.45O1.9Fe0.2P0.35,72.5,10.0,17.5,52.405781367071214,18.623868021853703
788,Na1.45O1.85Fe0.25P0.3,72.5,12.5,15.0,52.136057823468576,23.16001772025188
789,Na1.45O1.8Fe0.3P0.25,72.5,15.0,12.5,51.8690965045507,27.649712947144216
790,Na1.45O1.75Fe0.35P0.2,72.5,17.5,10.0,51.60485519478362,32.09366367385599
791,Na1.45O1.7Fe0.4P0.15,72.5,20.0,7.5,51.3432925345224,36.49256547756388
792,Na1.45O1.65Fe0.45P0.1,72.5,22.5,5.0,51.08436799842985,40.84709990424482
793,Na1.45O1.6Fe0.5P0.05,72.5,25.0,2.5,50.82804187454503,45.15793482069797
794,Na1.45O1.55Fe0.55,72.5,27.500000000000004,0.0,50.57427524397865,49.42572475602135
795,Na1.5O2P0.5,75.0,0.0,25.0,56.70856897848088,0.0
796,Na1.5O1.95Fe0.05P0.45,75.0,2.5,22.5,56.40333583609723,4.844090257608235
797,Na1.5O1.9Fe0.1P0.4,75.0,5.0,20.0,56.10137092939488,9.636313183576831
798,Na1.5O1.85Fe0.15P0.35,75.0,7.5,17.5,55.80262204672153,14.377497383719756
799,Na1.5O1.8Fe0.2P0.3,75.0,10.0,15.0,55.50703808267584,19.068453907500967
800,Na1.5O1.75Fe0.25P0.25,75.0,12.5,12.5,55.21456900896317,23.70997671056037
801,Na1.5O1.7Fe0.3P0.2,75.0,15.0,10.0,54.925165846167566,28.302843102694062
802,Na1.5O1.65Fe0.35P0.15,75.0,17.5,7.5,54.63878063640698,32.84781418181959
803,Na1.5O1.6Fe0.4P0.1,75.0,20.0,5.0,54.355366416839615,37.345635254435344
804,Na1.5O1.55Fe0.45P0.05,75.0,22.5,2.5,54.07487719399037,41.79703624306166
805,Na1.5O1.5Fe0.5,75.0,25.0,0.0,53.79726791886825,46.20273208113175
806,Na1.55O1.9P0.45,77.5,0.0,22.5,60.06372321111249,0.0
807,Na1.55O1.85Fe0.05P0.4,77.5,2.5,20.0,59.73239383708421,4.964516029701466
808,Na1.55O1.8Fe0.1P0.35,77.5,5.0,17.5,59.4046998321597,9.874561041726263
809,Na1.55O1.75Fe0.15P0.3,77.5,7.5,15.0,59.080581691497855,14.731026634467405
810,Na1.55O1.7Fe0.2P0.25,77.5,10.0,12.5,58.759981201868506,19.534785053300507
811,Na1.55O1.65Fe0.25P0.2,77.5,12.5,10.0,58.442841406796965,24.28668971284502
812,Na1.55O1.6Fe0.3P0.15,77.5,15.0,7.5,58.12910657283119,28.98757570240371
813,Na1.55O1.55Fe0.35P0.1,77.5,17.5,5.0,57.81872215688981,33.63826027520924
814,Na1.55O1.5Fe0.4P0.05,77.5,20.0,2.5,57.511634774650425,38.23954332207967
815,Na1.55O1.45Fe0.45,77.5,22.5,0.0,57.20779216994028,42.79220783005972
816,Na1.6O1.8P0.4,80.0,0.0,20.0,63.59092425604379,0.0
817,Na1.6O1.75Fe0.05P0.35,80.0,2.5,17.5,63.23119479138272,5.091082105209016
818,Na1.6O1.7Fe0.1P0.3,80.0,5.0,15.0,62.87551236237229,10.124888416233006
819,Na1.6O1.65Fe0.15P0.25,80.0,7.5,12.5,62.523809055968194,15.102380074481472
820,Na1.6O1.6Fe0.2P0.2,80.0,10.0,10.0,62.176018470199566,20.02449683585087
821,Na1.6O1.55Fe0.25P0.15,80.0,12.5,7.5,61.83207567237458,24.892157662222164
822,Na1.6O1.5Fe0.3P0.1,80.0,15.0,5.0,61.49191715866548,29.706261293434384
823,Na1.6O1.45Fe0.35P0.05,80.0,17.5,2.5,61.155480815020326,34.46768680048159
824,Na1.6O1.4Fe0.4,80.0,20.0,0.0,60.82270587935109,39.17729412064892
825,Na1.65O1.7P0.35,82.5,0.0,17.5,67.30375375340806,0.0
826,Na1.65O1.65Fe0.05P0.3,82.5,2.5,15.0,66.91306068432687,5.224270395340962
827,Na1.65O1.6Fe0.1P0.25,82.5,5.0,12.5,66.52687732265574,10.38823787573772
828,Na1.65O1.55Fe0.15P0.2,82.5,7.5,10.0,66.14512603421058,15.49294055013526
829,Na1.65O1.5Fe0.2P0.15,82.5,10.0,7.5,65.76773095659367,20.53939283550129
830,Na1.65O1.45Fe0.25P0.1,82.5,12.5,5.0,65.39461794893529,25.528586128871996
831,Na1.65O1.4Fe0.3P0.05,82.5,15.0,2.5,65.0257145433364,30.46148945665094
832,Na1.65O1.35Fe0.35,82.5,17.5,0.0,64.66094989794557,35.33905010205443
833,Na1.7O1.6P0.3,85.0,0.0,15.0,71.21726151741002,0.0
834,Na1.7O1.55Fe0.05P0.25,85.0,2.5,12.5,70.79274502238782,5.364614595337025
835,Na1.7O1.5Fe0.1P0.2,85.0,5.0,10.0,70.37325950955352,10.665652672939876
836,Na1.7O1.45Fe0.15P0.15,85.0,7.5,7.5,69.95871607181378,15.904237751673731
837,Na1.7O1.4Fe0.2P0.1,85.0,10.0,5.0,69.54902788468556,21.081467032458978
838,Na1.7O1.35Fe0.25P0.05,85.0,12.5,2.5,69.14411014567078,26.19841216439277
839,Na1.7O1.3Fe0.3,85.0,15.0,0.0,68.74388001573672,31.256119984263275
840,Na1.75O1.5P0.25,87.5,0.0,12.5,75.34816943349814,0.0
841,Na1.75O1.45Fe0.05P0.2,87.5,2.5,10.0,74.88663042228204,5.512707332080362
842,Na1.75O1.4Fe0.1P0.15,87.5,5.0,7.5,74.43071122581641,10.958290557146706
843,Na1.75O1.35Fe0.15P0.1,87.5,7.5,5.0,73.98030982280905,16.33796823638743
844,Na1.75O1.3Fe0.2P0.05,87.5,10.0,2.5,73.53532664655361,21.652929612961337
845,Na1.75O1.25Fe0.25,87.5,12.5,0.0,73.09566451155099,26.904335488449
846,Na1.8O1.4P0.2,90.0,0.0,10.0,79.71511030653528,0.0
847,Na1.8O1.35Fe0.05P0.15,90.0,2.5,7.5,79.21295985642683,5.669208529200416
848,Na1.8O1.3Fe0.1P0.1,90.0,5.0,5.0,78.71709620973616,11.267439924855148
849,Na1.8O1.25Fe0.15P0.05,90.0,7.5,2.5,78.22740203702094,16.79601881999946
850,Na1.8O1.2Fe0.2,90.0,10.0,0.0,77.74376291038531,22.25623708961468
851,Na1.85O1.3P0.15,92.5,0.0,7.5,84.33890885516844,0.0
852,Na1.85O1.25Fe0.05P0.1,92.5,2.5,5.0,83.79210843849802,5.8348552386786094
853,Na1.85O1.2Fe0.1P0.05,92.5,5.0,2.5,83.25235256909559,11.594538783485786
854,Na1.85O1.15Fe0.15,92.5,7.5,0.0,82.71950598364995,17.280494016350044
855,Na1.9O1.2P0.1,95.0,0.0,5.0,89.2429137917396,0.0
856,Na1.9O1.15Fe0.05P0.05,95.0,2.5,2.5,88.64690429034772,6.01047324792948
857,Na1.9O1.1Fe0.1,95.0,5.0,0.0,88.05880288296962,11.941197117030384
858,Na1.95O1.1P0.05,97.5,0.0,2.5,94.4533921617204,0.0
859,Na1.95O1.05Fe0.05,97.5,2.5,0.0,93.80300915196564,6.196990848034348
860,Na2O1,100.0,0.0,0.0,100.0,0.0
